<log4net:event logger="ChungCuNhaOXaHoi.SRV.Data.DanhMucDongCCDAC" timestamp="2019-10-08T11:43:31.3213251+07:00" level="ERROR" thread="27" domain="/LM/W3SVC/2/ROOT/ChungCuNhaOXaHoi-3-132149833034657046" username="IIS APPPOOL\SoXayDung_Service"><log4net:message>The stored procedure 'sp_DM_NguyenNhanTaiNanLaoDong_Lst' doesn't exist.</log4net:message><log4net:properties><log4net:data name="log4net:UserName" value="IIS APPPOOL\SoXayDung_Service" /><log4net:data name="log4net:Identity" value="" /><log4net:data name="log4net:HostName" value="GMC-50350" /></log4net:properties></log4net:event>
<log4net:event logger="ChungCuNhaOXaHoi.SRV.Data.DanhMucDongCCDAC" timestamp="2019-10-08T11:44:10.9344196+07:00" level="ERROR" thread="77" domain="/LM/W3SVC/2/ROOT/ChungCuNhaOXaHoi-3-132149833034657046" username="IIS APPPOOL\SoXayDung_Service"><log4net:message>The stored procedure 'sp_DM_NguyenNhanTaiNanLaoDong_Lst' doesn't exist.</log4net:message><log4net:properties><log4net:data name="log4net:UserName" value="IIS APPPOOL\SoXayDung_Service" /><log4net:data name="log4net:Identity" value="" /><log4net:data name="log4net:HostName" value="GMC-50350" /></log4net:properties></log4net:event>
<log4net:event logger="ChungCuNhaOXaHoi.SRV.Data.DanhMucDongCCDAC" timestamp="2019-10-08T11:45:10.4234373+07:00" level="ERROR" thread="80" domain="/LM/W3SVC/2/ROOT/ChungCuNhaOXaHoi-3-132149833034657046" username="IIS APPPOOL\SoXayDung_Service"><log4net:message>The stored procedure 'sp_DM_NguyenNhanTaiNanLaoDong_Lst' doesn't exist.</log4net:message><log4net:properties><log4net:data name="log4net:UserName" value="IIS APPPOOL\SoXayDung_Service" /><log4net:data name="log4net:Identity" value="" /><log4net:data name="log4net:HostName" value="GMC-50350" /></log4net:properties></log4net:event>
<log4net:event logger="ChungCuNhaOXaHoi.SRV.Data.DanhMucDongCCDAC" timestamp="2019-10-08T11:46:20.7172628+07:00" level="ERROR" thread="64" domain="/LM/W3SVC/2/ROOT/ChungCuNhaOXaHoi-3-132149833034657046" username="IIS APPPOOL\SoXayDung_Service"><log4net:message>The stored procedure 'sp_DM_PhanCongSuCo_Lst' doesn't exist.</log4net:message><log4net:properties><log4net:data name="log4net:UserName" value="IIS APPPOOL\SoXayDung_Service" /><log4net:data name="log4net:Identity" value="" /><log4net:data name="log4net:HostName" value="GMC-50350" /></log4net:properties></log4net:event>
<log4net:event logger="ChungCuNhaOXaHoi.SRV.Data.DanhMucDongCCDAC" timestamp="2019-10-08T11:47:51.7462954+07:00" level="ERROR" thread="71" domain="/LM/W3SVC/2/ROOT/ChungCuNhaOXaHoi-3-132149833034657046" username="IIS APPPOOL\SoXayDung_Service"><log4net:message>The stored procedure 'sp_DM_PhanCongSuCo_Lst' doesn't exist.</log4net:message><log4net:properties><log4net:data name="log4net:UserName" value="IIS APPPOOL\SoXayDung_Service" /><log4net:data name="log4net:Identity" value="" /><log4net:data name="log4net:HostName" value="GMC-50350" /></log4net:properties></log4net:event>
<log4net:event logger="ChungCuNhaOXaHoi.SRV.Data.DanhMucDongCCDAC" timestamp="2019-10-08T11:47:51.976153+07:00" level="ERROR" thread="71" domain="/LM/W3SVC/2/ROOT/ChungCuNhaOXaHoi-3-132149833034657046" username="IIS APPPOOL\SoXayDung_Service"><log4net:message>The stored procedure 'sp_DM_PhanCongSuCo_Lst' doesn't exist.</log4net:message><log4net:properties><log4net:data name="log4net:UserName" value="IIS APPPOOL\SoXayDung_Service" /><log4net:data name="log4net:Identity" value="" /><log4net:data name="log4net:HostName" value="GMC-50350" /></log4net:properties></log4net:event>
<log4net:event logger="ChungCuNhaOXaHoi.SRV.Data.DanhMucDongCCDAC" timestamp="2019-10-08T11:47:52.2619768+07:00" level="ERROR" thread="71" domain="/LM/W3SVC/2/ROOT/ChungCuNhaOXaHoi-3-132149833034657046" username="IIS APPPOOL\SoXayDung_Service"><log4net:message>The stored procedure 'sp_DM_PhanCongSuCo_Lst' doesn't exist.</log4net:message><log4net:properties><log4net:data name="log4net:UserName" value="IIS APPPOOL\SoXayDung_Service" /><log4net:data name="log4net:Identity" value="" /><log4net:data name="log4net:HostName" value="GMC-50350" /></log4net:properties></log4net:event>
<log4net:event logger="ChungCuNhaOXaHoi.SRV.Data.DanhMucDongCCDAC" timestamp="2019-10-08T11:49:13.4185884+07:00" level="ERROR" thread="54" domain="/LM/W3SVC/2/ROOT/ChungCuNhaOXaHoi-3-132149833034657046" username="IIS APPPOOL\SoXayDung_Service"><log4net:message>The stored procedure 'sp_DM_NguyenNhanTaiNanLaoDong_Lst' doesn't exist.</log4net:message><log4net:properties><log4net:data name="log4net:UserName" value="IIS APPPOOL\SoXayDung_Service" /><log4net:data name="log4net:Identity" value="" /><log4net:data name="log4net:HostName" value="GMC-50350" /></log4net:properties></log4net:event>
<log4net:event logger="ChungCuNhaOXaHoi.SRV.Data.DanhMucDongCCDAC" timestamp="2019-10-08T11:49:19.103787+07:00" level="ERROR" thread="54" domain="/LM/W3SVC/2/ROOT/ChungCuNhaOXaHoi-3-132149833034657046" username="IIS APPPOOL\SoXayDung_Service"><log4net:message>The stored procedure 'sp_DM_NguyenNhanTaiNanLaoDong_Lst' doesn't exist.</log4net:message><log4net:properties><log4net:data name="log4net:UserName" value="IIS APPPOOL\SoXayDung_Service" /><log4net:data name="log4net:Identity" value="" /><log4net:data name="log4net:HostName" value="GMC-50350" /></log4net:properties></log4net:event>
<log4net:event logger="ChungCuNhaOXaHoi.SRV.Data.DanhMucDongCCDAC" timestamp="2019-10-08T11:49:27.8652504+07:00" level="ERROR" thread="54" domain="/LM/W3SVC/2/ROOT/ChungCuNhaOXaHoi-3-132149833034657046" username="IIS APPPOOL\SoXayDung_Service"><log4net:message>The stored procedure 'sp_DM_PhanCongSuCo_Lst' doesn't exist.</log4net:message><log4net:properties><log4net:data name="log4net:UserName" value="IIS APPPOOL\SoXayDung_Service" /><log4net:data name="log4net:Identity" value="" /><log4net:data name="log4net:HostName" value="GMC-50350" /></log4net:properties></log4net:event>
<log4net:event logger="ChungCuNhaOXaHoi.SRV.Data.DanhMucDongCCDAC" timestamp="2019-10-08T11:49:31.5683943+07:00" level="ERROR" thread="54" domain="/LM/W3SVC/2/ROOT/ChungCuNhaOXaHoi-3-132149833034657046" username="IIS APPPOOL\SoXayDung_Service"><log4net:message>The stored procedure 'sp_DM_PhanCongSuCo_Lst' doesn't exist.</log4net:message><log4net:properties><log4net:data name="log4net:UserName" value="IIS APPPOOL\SoXayDung_Service" /><log4net:data name="log4net:Identity" value="" /><log4net:data name="log4net:HostName" value="GMC-50350" /></log4net:properties></log4net:event>
<log4net:event logger="ChungCuNhaOXaHoi.SRV.Data.DanhMucDongCCDAC" timestamp="2019-10-08T11:49:38.8179161+07:00" level="ERROR" thread="43" domain="/LM/W3SVC/2/ROOT/ChungCuNhaOXaHoi-3-132149833034657046" username="IIS APPPOOL\SoXayDung_Service"><log4net:message>The stored procedure 'sp_DM_PhanCongSuCo_Lst' doesn't exist.</log4net:message><log4net:properties><log4net:data name="log4net:UserName" value="IIS APPPOOL\SoXayDung_Service" /><log4net:data name="log4net:Identity" value="" /><log4net:data name="log4net:HostName" value="GMC-50350" /></log4net:properties></log4net:event>
<log4net:event logger="ChungCuNhaOXaHoi.SRV.Data.DanhMucDongCCDAC" timestamp="2019-10-08T11:51:05.2351791+07:00" level="ERROR" thread="30" domain="/LM/W3SVC/2/ROOT/ChungCuNhaOXaHoi-3-132149833034657046" username="IIS APPPOOL\SoXayDung_Service"><log4net:message>The stored procedure 'sp_DM_PhanCongSuCo_Lst' doesn't exist.</log4net:message><log4net:properties><log4net:data name="log4net:UserName" value="IIS APPPOOL\SoXayDung_Service" /><log4net:data name="log4net:Identity" value="" /><log4net:data name="log4net:HostName" value="GMC-50350" /></log4net:properties></log4net:event>
