<log4net:event logger="ChungCuNhaOXaHoi.SRV.Data.NhaOXaHoiDAC" timestamp="2019-05-02T13:38:51.0786968+07:00" level="ERROR" thread="7" domain="/LM/W3SVC/2/ROOT/ChungCuNhaOXaHoi-5-132012517731461308" username="IIS APPPOOL\SoXayDung_Service"><log4net:message>function: NOXH_YKienThueMua_ByHoSoID: Sequence contains more than one element</log4net:message><log4net:properties><log4net:data name="log4net:UserName" value="IIS APPPOOL\SoXayDung_Service" /><log4net:data name="log4net:Identity" value="" /><log4net:data name="log4net:HostName" value="GMC-50350" /></log4net:properties></log4net:event>
<log4net:event logger="ChungCuNhaOXaHoi.SRV.Data.NhaOXaHoiDAC" timestamp="2019-05-02T13:42:45.492991+07:00" level="ERROR" thread="1" domain="/LM/W3SVC/2/ROOT/ChungCuNhaOXaHoi-5-132012517731461308" username="IIS APPPOOL\SoXayDung_Service"><log4net:message>function: NOXH_YKienThueMua_ByHoSoID: Sequence contains more than one element</log4net:message><log4net:properties><log4net:data name="log4net:UserName" value="IIS APPPOOL\SoXayDung_Service" /><log4net:data name="log4net:Identity" value="" /><log4net:data name="log4net:HostName" value="GMC-50350" /></log4net:properties></log4net:event>
<log4net:event logger="ChungCuNhaOXaHoi.SRV.Data.NhaOXaHoiDAC" timestamp="2019-05-02T14:13:40.4495146+07:00" level="ERROR" thread="11" domain="/LM/W3SVC/2/ROOT/ChungCuNhaOXaHoi-3-132012548193001895" username="IIS APPPOOL\SoXayDung_Service"><log4net:message>function: NOXH_YKienThueMua_ByHoSoID: Sequence contains more than one element</log4net:message><log4net:properties><log4net:data name="log4net:UserName" value="IIS APPPOOL\SoXayDung_Service" /><log4net:data name="log4net:Identity" value="" /><log4net:data name="log4net:HostName" value="GMC-50350" /></log4net:properties></log4net:event>
<log4net:event logger="ChungCuNhaOXaHoi.SRV.Data.NhaOXaHoiDAC" timestamp="2019-05-02T14:16:01.6946835+07:00" level="ERROR" thread="18" domain="/LM/W3SVC/2/ROOT/ChungCuNhaOXaHoi-3-132012548193001895" username="IIS APPPOOL\SoXayDung_Service"><log4net:message>function: NOXH_YKienThueMua_ByHoSoID: Sequence contains more than one element</log4net:message><log4net:properties><log4net:data name="log4net:UserName" value="IIS APPPOOL\SoXayDung_Service" /><log4net:data name="log4net:Identity" value="" /><log4net:data name="log4net:HostName" value="GMC-50350" /></log4net:properties></log4net:event>
