<log4net:event logger="ChapThuanDauTu.SRV.Data.ReportDAC" timestamp="2019-11-19T16:03:54.7583981+07:00" level="ERROR" thread="51" domain="/LM/W3SVC/2/ROOT/ChapThuanDauTu-3-132186254114106417" username="IIS APPPOOL\SoXayDung_Service"><log4net:message>The stored procedure 'sp_GetReportInfo' doesn't exist.</log4net:message><log4net:properties><log4net:data name="log4net:UserName" value="IIS APPPOOL\SoXayDung_Service" /><log4net:data name="log4net:Identity" value="" /><log4net:data name="log4net:HostName" value="GMC-50350" /></log4net:properties></log4net:event>
<log4net:event logger="ChapThuanDauTu.SRV.Data.ReportDAC" timestamp="2019-11-19T16:51:43.6977999+07:00" level="ERROR" thread="9" domain="/LM/W3SVC/2/ROOT/ChapThuanDauTu-1-132186307029889957" username="IIS APPPOOL\SoXayDung_Service"><log4net:message>The stored procedure 'sp_GetReportInfo' doesn't exist.</log4net:message><log4net:properties><log4net:data name="log4net:UserName" value="IIS APPPOOL\SoXayDung_Service" /><log4net:data name="log4net:Identity" value="" /><log4net:data name="log4net:HostName" value="GMC-50350" /></log4net:properties></log4net:event>
<log4net:event logger="ChapThuanDauTu.SRV.Data.ReportDAC" timestamp="2019-11-19T16:52:58.3926597+07:00" level="ERROR" thread="8" domain="/LM/W3SVC/2/ROOT/ChapThuanDauTu-1-132186307029889957" username="IIS APPPOOL\SoXayDung_Service"><log4net:message>The stored procedure 'sp_GetReportInfo' doesn't exist.</log4net:message><log4net:properties><log4net:data name="log4net:UserName" value="IIS APPPOOL\SoXayDung_Service" /><log4net:data name="log4net:Identity" value="" /><log4net:data name="log4net:HostName" value="GMC-50350" /></log4net:properties></log4net:event>
<log4net:event logger="ChapThuanDauTu.SRV.Data.ReportDAC" timestamp="2019-11-19T16:56:35.6236357+07:00" level="ERROR" thread="1" domain="/LM/W3SVC/2/ROOT/ChapThuanDauTu-1-132186307029889957" username="IIS APPPOOL\SoXayDung_Service"><log4net:message>The stored procedure 'sp_GetReportInfo' doesn't exist.</log4net:message><log4net:properties><log4net:data name="log4net:UserName" value="IIS APPPOOL\SoXayDung_Service" /><log4net:data name="log4net:Identity" value="" /><log4net:data name="log4net:HostName" value="GMC-50350" /></log4net:properties></log4net:event>
<log4net:event logger="ChapThuanDauTu.SRV.Data.ReportDAC" timestamp="2019-11-19T17:01:28.9789406+07:00" level="ERROR" thread="1" domain="/LM/W3SVC/2/ROOT/ChapThuanDauTu-1-132186307029889957" username="IIS APPPOOL\SoXayDung_Service"><log4net:message>The stored procedure 'sp_GetReportInfo' doesn't exist.</log4net:message><log4net:properties><log4net:data name="log4net:UserName" value="IIS APPPOOL\SoXayDung_Service" /><log4net:data name="log4net:Identity" value="" /><log4net:data name="log4net:HostName" value="GMC-50350" /></log4net:properties></log4net:event>
