<log4net:event logger="ChapThuanDauTu.SRV.Data.QuanLyDauTuDAC" timestamp="2019-11-26T21:25:06.3879361+07:00" level="ERROR" thread="13" domain="/LM/W3SVC/2/ROOT/ChapThuanDauTu-4-132192512998119594" username="IIS APPPOOL\SoXayDung_Service"><log4net:message>Class: ChapThuanDauTuDAC, function: QLDT_GetAllByID: Sequence contains more than one element</log4net:message><log4net:properties><log4net:data name="log4net:UserName" value="IIS APPPOOL\SoXayDung_Service" /><log4net:data name="log4net:Identity" value="" /><log4net:data name="log4net:HostName" value="GMC-50350" /></log4net:properties></log4net:event>
<log4net:event logger="ChapThuanDauTu.SRV.Data.QuanLyDauTuDAC" timestamp="2019-11-26T21:29:46.8003247+07:00" level="ERROR" thread="139" domain="/LM/W3SVC/2/ROOT/ChapThuanDauTu-4-132192512998119594" username="IIS APPPOOL\SoXayDung_Service"><log4net:message>Class: ChapThuanDauTuDAC, function: QLDT_GetAllByID: Sequence contains more than one element</log4net:message><log4net:properties><log4net:data name="log4net:UserName" value="IIS APPPOOL\SoXayDung_Service" /><log4net:data name="log4net:Identity" value="" /><log4net:data name="log4net:HostName" value="GMC-50350" /></log4net:properties></log4net:event>
