<log4net:event logger="ChungCuNhaOXaHoi.SRV.Data.NhaOXaHoiDAC" timestamp="2019-05-17T10:48:53.4569733+07:00" level="ERROR" thread="1" domain="/LM/W3SVC/2/ROOT/ChungCuNhaOXaHoi-6-132025361805967705" username="IIS APPPOOL\SoXayDung_Service"><log4net:message>function: NOXH_YKienThueMua_ByHoSoID: Sequence contains more than one element</log4net:message><log4net:properties><log4net:data name="log4net:UserName" value="IIS APPPOOL\SoXayDung_Service" /><log4net:data name="log4net:Identity" value="" /><log4net:data name="log4net:HostName" value="GMC-50350" /></log4net:properties></log4net:event>
<log4net:event logger="ChungCuNhaOXaHoi.SRV.Data.NhaOXaHoiDAC" timestamp="2019-05-17T10:48:58.1250334+07:00" level="ERROR" thread="126" domain="/LM/W3SVC/2/ROOT/ChungCuNhaOXaHoi-6-132025361805967705" username="IIS APPPOOL\SoXayDung_Service"><log4net:message>function: NOXH_YKienThueMua_ByHoSoID: Sequence contains more than one element</log4net:message><log4net:properties><log4net:data name="log4net:UserName" value="IIS APPPOOL\SoXayDung_Service" /><log4net:data name="log4net:Identity" value="" /><log4net:data name="log4net:HostName" value="GMC-50350" /></log4net:properties></log4net:event>
<log4net:event logger="ChungCuNhaOXaHoi.SRV.Data.NhaOXaHoiDAC" timestamp="2019-05-17T10:51:54.8555864+07:00" level="ERROR" thread="13" domain="/LM/W3SVC/2/ROOT/ChungCuNhaOXaHoi-6-132025361805967705" username="IIS APPPOOL\SoXayDung_Service"><log4net:message>function: NOXH_YKienThueMua_ByHoSoID: Sequence contains more than one element</log4net:message><log4net:properties><log4net:data name="log4net:UserName" value="IIS APPPOOL\SoXayDung_Service" /><log4net:data name="log4net:Identity" value="" /><log4net:data name="log4net:HostName" value="GMC-50350" /></log4net:properties></log4net:event>
<log4net:event logger="ChungCuNhaOXaHoi.SRV.Data.NhaOXaHoiDAC" timestamp="2019-05-17T10:52:24.1762647+07:00" level="ERROR" thread="126" domain="/LM/W3SVC/2/ROOT/ChungCuNhaOXaHoi-6-132025361805967705" username="IIS APPPOOL\SoXayDung_Service"><log4net:message>function: NOXH_YKienThueMua_ByHoSoID: Sequence contains more than one element</log4net:message><log4net:properties><log4net:data name="log4net:UserName" value="IIS APPPOOL\SoXayDung_Service" /><log4net:data name="log4net:Identity" value="" /><log4net:data name="log4net:HostName" value="GMC-50350" /></log4net:properties></log4net:event>
<log4net:event logger="ChungCuNhaOXaHoi.SRV.Data.NhaOXaHoiDAC" timestamp="2019-05-17T11:02:11.9931636+07:00" level="ERROR" thread="126" domain="/LM/W3SVC/2/ROOT/ChungCuNhaOXaHoi-6-132025361805967705" username="IIS APPPOOL\SoXayDung_Service"><log4net:message>function: NOXH_YKienThueMua_ByHoSoID: Sequence contains more than one element</log4net:message><log4net:properties><log4net:data name="log4net:UserName" value="IIS APPPOOL\SoXayDung_Service" /><log4net:data name="log4net:Identity" value="" /><log4net:data name="log4net:HostName" value="GMC-50350" /></log4net:properties></log4net:event>
<log4net:event logger="ChungCuNhaOXaHoi.SRV.Data.NhaOXaHoiDAC" timestamp="2019-05-17T11:03:19.8751251+07:00" level="ERROR" thread="61" domain="/LM/W3SVC/2/ROOT/ChungCuNhaOXaHoi-6-132025361805967705" username="IIS APPPOOL\SoXayDung_Service"><log4net:message>function: NOXH_YKienThueMua_ByHoSoID: Sequence contains more than one element</log4net:message><log4net:properties><log4net:data name="log4net:UserName" value="IIS APPPOOL\SoXayDung_Service" /><log4net:data name="log4net:Identity" value="" /><log4net:data name="log4net:HostName" value="GMC-50350" /></log4net:properties></log4net:event>
<log4net:event logger="ChungCuNhaOXaHoi.SRV.Data.NhaOXaHoiDAC" timestamp="2019-05-17T11:03:25.8571842+07:00" level="ERROR" thread="61" domain="/LM/W3SVC/2/ROOT/ChungCuNhaOXaHoi-6-132025361805967705" username="IIS APPPOOL\SoXayDung_Service"><log4net:message>function: NOXH_YKienThueMua_ByHoSoID: Sequence contains more than one element</log4net:message><log4net:properties><log4net:data name="log4net:UserName" value="IIS APPPOOL\SoXayDung_Service" /><log4net:data name="log4net:Identity" value="" /><log4net:data name="log4net:HostName" value="GMC-50350" /></log4net:properties></log4net:event>
<log4net:event logger="ChungCuNhaOXaHoi.SRV.Data.NhaOXaHoiDAC" timestamp="2019-05-17T11:04:25.2135217+07:00" level="ERROR" thread="61" domain="/LM/W3SVC/2/ROOT/ChungCuNhaOXaHoi-6-132025361805967705" username="IIS APPPOOL\SoXayDung_Service"><log4net:message>function: NOXH_YKienThueMua_ByHoSoID: Sequence contains more than one element</log4net:message><log4net:properties><log4net:data name="log4net:UserName" value="IIS APPPOOL\SoXayDung_Service" /><log4net:data name="log4net:Identity" value="" /><log4net:data name="log4net:HostName" value="GMC-50350" /></log4net:properties></log4net:event>
<log4net:event logger="ChungCuNhaOXaHoi.SRV.Data.NhaOXaHoiDAC" timestamp="2019-05-17T11:05:03.1397487+07:00" level="ERROR" thread="61" domain="/LM/W3SVC/2/ROOT/ChungCuNhaOXaHoi-6-132025361805967705" username="IIS APPPOOL\SoXayDung_Service"><log4net:message>function: NOXH_YKienThueMua_ByHoSoID: Sequence contains more than one element</log4net:message><log4net:properties><log4net:data name="log4net:UserName" value="IIS APPPOOL\SoXayDung_Service" /><log4net:data name="log4net:Identity" value="" /><log4net:data name="log4net:HostName" value="GMC-50350" /></log4net:properties></log4net:event>
<log4net:event logger="ChungCuNhaOXaHoi.SRV.Data.NhaOXaHoiDAC" timestamp="2019-05-17T11:09:33.7939093+07:00" level="ERROR" thread="61" domain="/LM/W3SVC/2/ROOT/ChungCuNhaOXaHoi-6-132025361805967705" username="IIS APPPOOL\SoXayDung_Service"><log4net:message>function: NOXH_YKienThueMua_ByHoSoID: Sequence contains more than one element</log4net:message><log4net:properties><log4net:data name="log4net:UserName" value="IIS APPPOOL\SoXayDung_Service" /><log4net:data name="log4net:Identity" value="" /><log4net:data name="log4net:HostName" value="GMC-50350" /></log4net:properties></log4net:event>
<log4net:event logger="ChungCuNhaOXaHoi.SRV.Data.NhaOXaHoiDAC" timestamp="2019-05-17T11:11:22.3754902+07:00" level="ERROR" thread="61" domain="/LM/W3SVC/2/ROOT/ChungCuNhaOXaHoi-6-132025361805967705" username="IIS APPPOOL\SoXayDung_Service"><log4net:message>function: NOXH_YKienThueMua_ByHoSoID: Sequence contains more than one element</log4net:message><log4net:properties><log4net:data name="log4net:UserName" value="IIS APPPOOL\SoXayDung_Service" /><log4net:data name="log4net:Identity" value="" /><log4net:data name="log4net:HostName" value="GMC-50350" /></log4net:properties></log4net:event>
<log4net:event logger="ChungCuNhaOXaHoi.SRV.Data.NhaOXaHoiDAC" timestamp="2019-05-17T11:13:55.8143391+07:00" level="ERROR" thread="126" domain="/LM/W3SVC/2/ROOT/ChungCuNhaOXaHoi-6-132025361805967705" username="IIS APPPOOL\SoXayDung_Service"><log4net:message>function: NOXH_YKienThueMua_ByHoSoID: Sequence contains more than one element</log4net:message><log4net:properties><log4net:data name="log4net:UserName" value="IIS APPPOOL\SoXayDung_Service" /><log4net:data name="log4net:Identity" value="" /><log4net:data name="log4net:HostName" value="GMC-50350" /></log4net:properties></log4net:event>
<log4net:event logger="ChungCuNhaOXaHoi.SRV.Data.NhaOXaHoiDAC" timestamp="2019-05-17T14:09:21.5156241+07:00" level="ERROR" thread="1" domain="/LM/W3SVC/2/ROOT/ChungCuNhaOXaHoi-3-132025467764914294" username="IIS APPPOOL\SoXayDung_Service"><log4net:message>function: NOXH_YKienThueMua_ByHoSoID: Sequence contains more than one element</log4net:message><log4net:properties><log4net:data name="log4net:UserName" value="IIS APPPOOL\SoXayDung_Service" /><log4net:data name="log4net:Identity" value="" /><log4net:data name="log4net:HostName" value="GMC-50350" /></log4net:properties></log4net:event>
<log4net:event logger="ChungCuNhaOXaHoi.SRV.Data.NhaOXaHoiDAC" timestamp="2019-05-17T14:09:26.9743178+07:00" level="ERROR" thread="1" domain="/LM/W3SVC/2/ROOT/ChungCuNhaOXaHoi-3-132025467764914294" username="IIS APPPOOL\SoXayDung_Service"><log4net:message>function: NOXH_YKienThueMua_ByHoSoID: Sequence contains more than one element</log4net:message><log4net:properties><log4net:data name="log4net:UserName" value="IIS APPPOOL\SoXayDung_Service" /><log4net:data name="log4net:Identity" value="" /><log4net:data name="log4net:HostName" value="GMC-50350" /></log4net:properties></log4net:event>
