<log4net:event logger="ChungCuNhaOXaHoi.SRV.Data.ReportDAC" timestamp="2019-05-29T15:05:13.2564571+07:00" level="ERROR" thread="1" domain="/LM/W3SVC/2/ROOT/ChungCuNhaOXaHoi-3-132035838221658874" username="IIS APPPOOL\SoXayDung_Service"><log4net:message>@LoChungCuID is not a parameter for procedure CC_PrintDSLoChungCuByID.</log4net:message><log4net:properties><log4net:data name="log4net:UserName" value="IIS APPPOOL\SoXayDung_Service" /><log4net:data name="log4net:Identity" value="" /><log4net:data name="log4net:HostName" value="GMC-50350" /></log4net:properties></log4net:event>
<log4net:event logger="ChungCuNhaOXaHoi.SRV.Data.ReportDAC" timestamp="2019-05-29T15:06:26.2594477+07:00" level="ERROR" thread="1" domain="/LM/W3SVC/2/ROOT/ChungCuNhaOXaHoi-3-132035838221658874" username="IIS APPPOOL\SoXayDung_Service"><log4net:message>@LoChungCuID is not a parameter for procedure CC_PrintDSLoChungCuByID.</log4net:message><log4net:properties><log4net:data name="log4net:UserName" value="IIS APPPOOL\SoXayDung_Service" /><log4net:data name="log4net:Identity" value="" /><log4net:data name="log4net:HostName" value="GMC-50350" /></log4net:properties></log4net:event>
<log4net:event logger="ChungCuNhaOXaHoi.SRV.Data.ReportDAC" timestamp="2019-05-29T15:09:03.5278021+07:00" level="ERROR" thread="146" domain="/LM/W3SVC/2/ROOT/ChungCuNhaOXaHoi-3-132035838221658874" username="IIS APPPOOL\SoXayDung_Service"><log4net:message>@LoChungCuID is not a parameter for procedure CC_PrintDSLoChungCuByID.</log4net:message><log4net:properties><log4net:data name="log4net:UserName" value="IIS APPPOOL\SoXayDung_Service" /><log4net:data name="log4net:Identity" value="" /><log4net:data name="log4net:HostName" value="GMC-50350" /></log4net:properties></log4net:event>
