<log4net:event logger="ChungCuNhaOXaHoi.SRV.Data.DanhMucDongCCDAC" timestamp="2019-05-27T08:55:37.3437261+07:00" level="ERROR" thread="26" domain="/LM/W3SVC/2/ROOT/ChungCuNhaOXaHoi-3-132033955580339316" username="IIS APPPOOL\SoXayDung_Service"><log4net:message>The number of parameters does not match number of values for stored procedure.</log4net:message><log4net:properties><log4net:data name="log4net:UserName" value="IIS APPPOOL\SoXayDung_Service" /><log4net:data name="log4net:Identity" value="" /><log4net:data name="log4net:HostName" value="GMC-50350" /></log4net:properties></log4net:event>
<log4net:event logger="ChungCuNhaOXaHoi.SRV.Data.DanhMucDongCCDAC" timestamp="2019-05-27T09:05:08.7902248+07:00" level="ERROR" thread="38" domain="/LM/W3SVC/2/ROOT/ChungCuNhaOXaHoi-3-132033955580339316" username="IIS APPPOOL\SoXayDung_Service"><log4net:message>The number of parameters does not match number of values for stored procedure.</log4net:message><log4net:properties><log4net:data name="log4net:UserName" value="IIS APPPOOL\SoXayDung_Service" /><log4net:data name="log4net:Identity" value="" /><log4net:data name="log4net:HostName" value="GMC-50350" /></log4net:properties></log4net:event>
<log4net:event logger="ChungCuNhaOXaHoi.SRV.Data.DanhMucDongCCDAC" timestamp="2019-05-27T09:05:36.3834167+07:00" level="ERROR" thread="20" domain="/LM/W3SVC/2/ROOT/ChungCuNhaOXaHoi-3-132033955580339316" username="IIS APPPOOL\SoXayDung_Service"><log4net:message>The number of parameters does not match number of values for stored procedure.</log4net:message><log4net:properties><log4net:data name="log4net:UserName" value="IIS APPPOOL\SoXayDung_Service" /><log4net:data name="log4net:Identity" value="" /><log4net:data name="log4net:HostName" value="GMC-50350" /></log4net:properties></log4net:event>
<log4net:event logger="ChungCuNhaOXaHoi.SRV.Data.DanhMucDongCCDAC" timestamp="2019-05-27T09:07:18.4000659+07:00" level="ERROR" thread="81" domain="/LM/W3SVC/2/ROOT/ChungCuNhaOXaHoi-3-132033955580339316" username="IIS APPPOOL\SoXayDung_Service"><log4net:message>The number of parameters does not match number of values for stored procedure.</log4net:message><log4net:properties><log4net:data name="log4net:UserName" value="IIS APPPOOL\SoXayDung_Service" /><log4net:data name="log4net:Identity" value="" /><log4net:data name="log4net:HostName" value="GMC-50350" /></log4net:properties></log4net:event>
<log4net:event logger="ChungCuNhaOXaHoi.SRV.Data.DanhMucDongCCDAC" timestamp="2019-05-27T09:10:46.0857922+07:00" level="ERROR" thread="84" domain="/LM/W3SVC/2/ROOT/ChungCuNhaOXaHoi-3-132033955580339316" username="IIS APPPOOL\SoXayDung_Service"><log4net:message>The number of parameters does not match number of values for stored procedure.</log4net:message><log4net:properties><log4net:data name="log4net:UserName" value="IIS APPPOOL\SoXayDung_Service" /><log4net:data name="log4net:Identity" value="" /><log4net:data name="log4net:HostName" value="GMC-50350" /></log4net:properties></log4net:event>
<log4net:event logger="ChungCuNhaOXaHoi.SRV.Data.DanhMucDongCCDAC" timestamp="2019-05-27T09:11:38.1360536+07:00" level="ERROR" thread="101" domain="/LM/W3SVC/2/ROOT/ChungCuNhaOXaHoi-3-132033955580339316" username="IIS APPPOOL\SoXayDung_Service"><log4net:message>The number of parameters does not match number of values for stored procedure.</log4net:message><log4net:properties><log4net:data name="log4net:UserName" value="IIS APPPOOL\SoXayDung_Service" /><log4net:data name="log4net:Identity" value="" /><log4net:data name="log4net:HostName" value="GMC-50350" /></log4net:properties></log4net:event>
<log4net:event logger="ChungCuNhaOXaHoi.SRV.Data.DanhMucDongCCDAC" timestamp="2019-05-27T09:12:40.7220113+07:00" level="ERROR" thread="94" domain="/LM/W3SVC/2/ROOT/ChungCuNhaOXaHoi-3-132033955580339316" username="IIS APPPOOL\SoXayDung_Service"><log4net:message>The number of parameters does not match number of values for stored procedure.</log4net:message><log4net:properties><log4net:data name="log4net:UserName" value="IIS APPPOOL\SoXayDung_Service" /><log4net:data name="log4net:Identity" value="" /><log4net:data name="log4net:HostName" value="GMC-50350" /></log4net:properties></log4net:event>
<log4net:event logger="ChungCuNhaOXaHoi.SRV.Data.DanhMucDongCCDAC" timestamp="2019-05-27T09:12:58.4113485+07:00" level="ERROR" thread="107" domain="/LM/W3SVC/2/ROOT/ChungCuNhaOXaHoi-3-132033955580339316" username="IIS APPPOOL\SoXayDung_Service"><log4net:message>The number of parameters does not match number of values for stored procedure.</log4net:message><log4net:properties><log4net:data name="log4net:UserName" value="IIS APPPOOL\SoXayDung_Service" /><log4net:data name="log4net:Identity" value="" /><log4net:data name="log4net:HostName" value="GMC-50350" /></log4net:properties></log4net:event>
<log4net:event logger="ChungCuNhaOXaHoi.SRV.Data.DanhMucDongCCDAC" timestamp="2019-05-27T09:15:16.3607583+07:00" level="ERROR" thread="1" domain="/LM/W3SVC/2/ROOT/ChungCuNhaOXaHoi-3-132033955580339316" username="IIS APPPOOL\SoXayDung_Service"><log4net:message>The number of parameters does not match number of values for stored procedure.</log4net:message><log4net:properties><log4net:data name="log4net:UserName" value="IIS APPPOOL\SoXayDung_Service" /><log4net:data name="log4net:Identity" value="" /><log4net:data name="log4net:HostName" value="GMC-50350" /></log4net:properties></log4net:event>
<log4net:event logger="ChungCuNhaOXaHoi.SRV.Data.DanhMucDongCCDAC" timestamp="2019-05-27T09:21:57.249562+07:00" level="ERROR" thread="1" domain="/LM/W3SVC/2/ROOT/ChungCuNhaOXaHoi-3-132033955580339316" username="IIS APPPOOL\SoXayDung_Service"><log4net:message>The number of parameters does not match number of values for stored procedure.</log4net:message><log4net:properties><log4net:data name="log4net:UserName" value="IIS APPPOOL\SoXayDung_Service" /><log4net:data name="log4net:Identity" value="" /><log4net:data name="log4net:HostName" value="GMC-50350" /></log4net:properties></log4net:event>
<log4net:event logger="ChungCuNhaOXaHoi.SRV.Data.DanhMucDongCCDAC" timestamp="2019-05-27T09:22:20.5000568+07:00" level="ERROR" thread="134" domain="/LM/W3SVC/2/ROOT/ChungCuNhaOXaHoi-3-132033955580339316" username="IIS APPPOOL\SoXayDung_Service"><log4net:message>The number of parameters does not match number of values for stored procedure.</log4net:message><log4net:properties><log4net:data name="log4net:UserName" value="IIS APPPOOL\SoXayDung_Service" /><log4net:data name="log4net:Identity" value="" /><log4net:data name="log4net:HostName" value="GMC-50350" /></log4net:properties></log4net:event>
<log4net:event logger="ChungCuNhaOXaHoi.SRV.Data.DanhMucDongCCDAC" timestamp="2019-05-27T09:24:08.2973805+07:00" level="ERROR" thread="133" domain="/LM/W3SVC/2/ROOT/ChungCuNhaOXaHoi-3-132033955580339316" username="IIS APPPOOL\SoXayDung_Service"><log4net:message>The number of parameters does not match number of values for stored procedure.</log4net:message><log4net:properties><log4net:data name="log4net:UserName" value="IIS APPPOOL\SoXayDung_Service" /><log4net:data name="log4net:Identity" value="" /><log4net:data name="log4net:HostName" value="GMC-50350" /></log4net:properties></log4net:event>
<log4net:event logger="ChungCuNhaOXaHoi.SRV.Data.DanhMucDongCCDAC" timestamp="2019-05-27T09:24:33.814407+07:00" level="ERROR" thread="133" domain="/LM/W3SVC/2/ROOT/ChungCuNhaOXaHoi-3-132033955580339316" username="IIS APPPOOL\SoXayDung_Service"><log4net:message>The number of parameters does not match number of values for stored procedure.</log4net:message><log4net:properties><log4net:data name="log4net:UserName" value="IIS APPPOOL\SoXayDung_Service" /><log4net:data name="log4net:Identity" value="" /><log4net:data name="log4net:HostName" value="GMC-50350" /></log4net:properties></log4net:event>
<log4net:event logger="ChungCuNhaOXaHoi.SRV.Data.DanhMucDongCCDAC" timestamp="2019-05-27T09:24:54.9390574+07:00" level="ERROR" thread="134" domain="/LM/W3SVC/2/ROOT/ChungCuNhaOXaHoi-3-132033955580339316" username="IIS APPPOOL\SoXayDung_Service"><log4net:message>The number of parameters does not match number of values for stored procedure.</log4net:message><log4net:properties><log4net:data name="log4net:UserName" value="IIS APPPOOL\SoXayDung_Service" /><log4net:data name="log4net:Identity" value="" /><log4net:data name="log4net:HostName" value="GMC-50350" /></log4net:properties></log4net:event>
<log4net:event logger="ChungCuNhaOXaHoi.SRV.Data.DanhMucDongCCDAC" timestamp="2019-05-27T09:26:48.958381+07:00" level="ERROR" thread="134" domain="/LM/W3SVC/2/ROOT/ChungCuNhaOXaHoi-3-132033955580339316" username="IIS APPPOOL\SoXayDung_Service"><log4net:message>The number of parameters does not match number of values for stored procedure.</log4net:message><log4net:properties><log4net:data name="log4net:UserName" value="IIS APPPOOL\SoXayDung_Service" /><log4net:data name="log4net:Identity" value="" /><log4net:data name="log4net:HostName" value="GMC-50350" /></log4net:properties></log4net:event>
<log4net:event logger="ChungCuNhaOXaHoi.SRV.Data.DanhMucDongCCDAC" timestamp="2019-05-27T09:40:33.3063279+07:00" level="ERROR" thread="134" domain="/LM/W3SVC/2/ROOT/ChungCuNhaOXaHoi-3-132033955580339316" username="IIS APPPOOL\SoXayDung_Service"><log4net:message>The number of parameters does not match number of values for stored procedure.</log4net:message><log4net:properties><log4net:data name="log4net:UserName" value="IIS APPPOOL\SoXayDung_Service" /><log4net:data name="log4net:Identity" value="" /><log4net:data name="log4net:HostName" value="GMC-50350" /></log4net:properties></log4net:event>
<log4net:event logger="ChungCuNhaOXaHoi.SRV.Data.DanhMucDongCCDAC" timestamp="2019-05-27T09:52:48.9009151+07:00" level="ERROR" thread="1" domain="/LM/W3SVC/2/ROOT/ChungCuNhaOXaHoi-3-132033955580339316" username="IIS APPPOOL\SoXayDung_Service"><log4net:message>The number of parameters does not match number of values for stored procedure.</log4net:message><log4net:properties><log4net:data name="log4net:UserName" value="IIS APPPOOL\SoXayDung_Service" /><log4net:data name="log4net:Identity" value="" /><log4net:data name="log4net:HostName" value="GMC-50350" /></log4net:properties></log4net:event>
<log4net:event logger="ChungCuNhaOXaHoi.SRV.Data.DanhMucDongCCDAC" timestamp="2019-05-27T09:55:59.7107612+07:00" level="ERROR" thread="5" domain="/LM/W3SVC/2/ROOT/ChungCuNhaOXaHoi-3-132033955580339316" username="IIS APPPOOL\SoXayDung_Service"><log4net:message>The number of parameters does not match number of values for stored procedure.</log4net:message><log4net:properties><log4net:data name="log4net:UserName" value="IIS APPPOOL\SoXayDung_Service" /><log4net:data name="log4net:Identity" value="" /><log4net:data name="log4net:HostName" value="GMC-50350" /></log4net:properties></log4net:event>
<log4net:event logger="ChungCuNhaOXaHoi.SRV.Data.DanhMucDongCCDAC" timestamp="2019-05-27T10:01:54.264371+07:00" level="ERROR" thread="1" domain="/LM/W3SVC/2/ROOT/ChungCuNhaOXaHoi-3-132033955580339316" username="IIS APPPOOL\SoXayDung_Service"><log4net:message>The number of parameters does not match number of values for stored procedure.</log4net:message><log4net:properties><log4net:data name="log4net:UserName" value="IIS APPPOOL\SoXayDung_Service" /><log4net:data name="log4net:Identity" value="" /><log4net:data name="log4net:HostName" value="GMC-50350" /></log4net:properties></log4net:event>
<log4net:event logger="ChungCuNhaOXaHoi.SRV.Data.DanhMucDongCCDAC" timestamp="2019-05-27T10:24:15.6086878+07:00" level="ERROR" thread="134" domain="/LM/W3SVC/2/ROOT/ChungCuNhaOXaHoi-3-132033955580339316" username="IIS APPPOOL\SoXayDung_Service"><log4net:message>The number of parameters does not match number of values for stored procedure.</log4net:message><log4net:properties><log4net:data name="log4net:UserName" value="IIS APPPOOL\SoXayDung_Service" /><log4net:data name="log4net:Identity" value="" /><log4net:data name="log4net:HostName" value="GMC-50350" /></log4net:properties></log4net:event>
<log4net:event logger="ChungCuNhaOXaHoi.SRV.Data.DanhMucDongCCDAC" timestamp="2019-05-27T10:29:18.3570073+07:00" level="ERROR" thread="133" domain="/LM/W3SVC/2/ROOT/ChungCuNhaOXaHoi-3-132033955580339316" username="IIS APPPOOL\SoXayDung_Service"><log4net:message>The number of parameters does not match number of values for stored procedure.</log4net:message><log4net:properties><log4net:data name="log4net:UserName" value="IIS APPPOOL\SoXayDung_Service" /><log4net:data name="log4net:Identity" value="" /><log4net:data name="log4net:HostName" value="GMC-50350" /></log4net:properties></log4net:event>
<log4net:event logger="ChungCuNhaOXaHoi.SRV.Data.DanhMucDongCCDAC" timestamp="2019-05-27T10:35:41.9147887+07:00" level="ERROR" thread="134" domain="/LM/W3SVC/2/ROOT/ChungCuNhaOXaHoi-3-132033955580339316" username="IIS APPPOOL\SoXayDung_Service"><log4net:message>The number of parameters does not match number of values for stored procedure.</log4net:message><log4net:properties><log4net:data name="log4net:UserName" value="IIS APPPOOL\SoXayDung_Service" /><log4net:data name="log4net:Identity" value="" /><log4net:data name="log4net:HostName" value="GMC-50350" /></log4net:properties></log4net:event>
<log4net:event logger="ChungCuNhaOXaHoi.SRV.Data.DanhMucDongCCDAC" timestamp="2019-05-27T10:42:10.5913797+07:00" level="ERROR" thread="5" domain="/LM/W3SVC/2/ROOT/ChungCuNhaOXaHoi-3-132033955580339316" username="IIS APPPOOL\SoXayDung_Service"><log4net:message>The number of parameters does not match number of values for stored procedure.</log4net:message><log4net:properties><log4net:data name="log4net:UserName" value="IIS APPPOOL\SoXayDung_Service" /><log4net:data name="log4net:Identity" value="" /><log4net:data name="log4net:HostName" value="GMC-50350" /></log4net:properties></log4net:event>
<log4net:event logger="ChungCuNhaOXaHoi.SRV.Data.DanhMucDongCCDAC" timestamp="2019-05-27T10:47:57.3052742+07:00" level="ERROR" thread="5" domain="/LM/W3SVC/2/ROOT/ChungCuNhaOXaHoi-3-132033955580339316" username="IIS APPPOOL\SoXayDung_Service"><log4net:message>The number of parameters does not match number of values for stored procedure.</log4net:message><log4net:properties><log4net:data name="log4net:UserName" value="IIS APPPOOL\SoXayDung_Service" /><log4net:data name="log4net:Identity" value="" /><log4net:data name="log4net:HostName" value="GMC-50350" /></log4net:properties></log4net:event>
<log4net:event logger="ChungCuNhaOXaHoi.SRV.Data.DanhMucDongCCDAC" timestamp="2019-05-27T10:49:41.1253497+07:00" level="ERROR" thread="5" domain="/LM/W3SVC/2/ROOT/ChungCuNhaOXaHoi-3-132033955580339316" username="IIS APPPOOL\SoXayDung_Service"><log4net:message>The number of parameters does not match number of values for stored procedure.</log4net:message><log4net:properties><log4net:data name="log4net:UserName" value="IIS APPPOOL\SoXayDung_Service" /><log4net:data name="log4net:Identity" value="" /><log4net:data name="log4net:HostName" value="GMC-50350" /></log4net:properties></log4net:event>
<log4net:event logger="ChungCuNhaOXaHoi.SRV.Data.DanhMucDongCCDAC" timestamp="2019-05-27T10:50:08.4832292+07:00" level="ERROR" thread="1" domain="/LM/W3SVC/2/ROOT/ChungCuNhaOXaHoi-3-132033955580339316" username="IIS APPPOOL\SoXayDung_Service"><log4net:message>The number of parameters does not match number of values for stored procedure.</log4net:message><log4net:properties><log4net:data name="log4net:UserName" value="IIS APPPOOL\SoXayDung_Service" /><log4net:data name="log4net:Identity" value="" /><log4net:data name="log4net:HostName" value="GMC-50350" /></log4net:properties></log4net:event>
<log4net:event logger="ChungCuNhaOXaHoi.SRV.Data.DanhMucDongCCDAC" timestamp="2019-05-27T10:51:14.0016364+07:00" level="ERROR" thread="1" domain="/LM/W3SVC/2/ROOT/ChungCuNhaOXaHoi-3-132033955580339316" username="IIS APPPOOL\SoXayDung_Service"><log4net:message>The number of parameters does not match number of values for stored procedure.</log4net:message><log4net:properties><log4net:data name="log4net:UserName" value="IIS APPPOOL\SoXayDung_Service" /><log4net:data name="log4net:Identity" value="" /><log4net:data name="log4net:HostName" value="GMC-50350" /></log4net:properties></log4net:event>
<log4net:event logger="ChungCuNhaOXaHoi.SRV.Data.DanhMucDongCCDAC" timestamp="2019-05-27T10:51:48.751916+07:00" level="ERROR" thread="5" domain="/LM/W3SVC/2/ROOT/ChungCuNhaOXaHoi-3-132033955580339316" username="IIS APPPOOL\SoXayDung_Service"><log4net:message>The number of parameters does not match number of values for stored procedure.</log4net:message><log4net:properties><log4net:data name="log4net:UserName" value="IIS APPPOOL\SoXayDung_Service" /><log4net:data name="log4net:Identity" value="" /><log4net:data name="log4net:HostName" value="GMC-50350" /></log4net:properties></log4net:event>
<log4net:event logger="ChungCuNhaOXaHoi.SRV.Data.DanhMucDongCCDAC" timestamp="2019-05-27T10:56:12.0942176+07:00" level="ERROR" thread="5" domain="/LM/W3SVC/2/ROOT/ChungCuNhaOXaHoi-3-132033955580339316" username="IIS APPPOOL\SoXayDung_Service"><log4net:message>Procedure or function 'sp_DM_NhomDuAn_Lst' expects parameter '@CreatedUserID', which was not supplied.</log4net:message><log4net:properties><log4net:data name="log4net:UserName" value="IIS APPPOOL\SoXayDung_Service" /><log4net:data name="log4net:Identity" value="" /><log4net:data name="log4net:HostName" value="GMC-50350" /></log4net:properties></log4net:event>
<log4net:event logger="ChungCuNhaOXaHoi.SRV.Data.DanhMucDongCCDAC" timestamp="2019-05-27T10:56:22.1081944+07:00" level="ERROR" thread="5" domain="/LM/W3SVC/2/ROOT/ChungCuNhaOXaHoi-3-132033955580339316" username="IIS APPPOOL\SoXayDung_Service"><log4net:message>Procedure or function 'sp_DM_NhomDuAn_Lst' expects parameter '@CreatedUserID', which was not supplied.</log4net:message><log4net:properties><log4net:data name="log4net:UserName" value="IIS APPPOOL\SoXayDung_Service" /><log4net:data name="log4net:Identity" value="" /><log4net:data name="log4net:HostName" value="GMC-50350" /></log4net:properties></log4net:event>
<log4net:event logger="ChungCuNhaOXaHoi.SRV.Data.DanhMucDongCCDAC" timestamp="2019-05-27T11:06:11.0718798+07:00" level="ERROR" thread="133" domain="/LM/W3SVC/2/ROOT/ChungCuNhaOXaHoi-3-132033955580339316" username="IIS APPPOOL\SoXayDung_Service"><log4net:message>The number of parameters does not match number of values for stored procedure.</log4net:message><log4net:properties><log4net:data name="log4net:UserName" value="IIS APPPOOL\SoXayDung_Service" /><log4net:data name="log4net:Identity" value="" /><log4net:data name="log4net:HostName" value="GMC-50350" /></log4net:properties></log4net:event>
<log4net:event logger="ChungCuNhaOXaHoi.SRV.Data.DanhMucDongCCDAC" timestamp="2019-05-27T11:08:02.9001879+07:00" level="ERROR" thread="133" domain="/LM/W3SVC/2/ROOT/ChungCuNhaOXaHoi-3-132033955580339316" username="IIS APPPOOL\SoXayDung_Service"><log4net:message>The number of parameters does not match number of values for stored procedure.</log4net:message><log4net:properties><log4net:data name="log4net:UserName" value="IIS APPPOOL\SoXayDung_Service" /><log4net:data name="log4net:Identity" value="" /><log4net:data name="log4net:HostName" value="GMC-50350" /></log4net:properties></log4net:event>
<log4net:event logger="ChungCuNhaOXaHoi.SRV.Data.DanhMucDongCCDAC" timestamp="2019-05-27T11:12:46.5132289+07:00" level="ERROR" thread="134" domain="/LM/W3SVC/2/ROOT/ChungCuNhaOXaHoi-3-132033955580339316" username="IIS APPPOOL\SoXayDung_Service"><log4net:message>The number of parameters does not match number of values for stored procedure.</log4net:message><log4net:properties><log4net:data name="log4net:UserName" value="IIS APPPOOL\SoXayDung_Service" /><log4net:data name="log4net:Identity" value="" /><log4net:data name="log4net:HostName" value="GMC-50350" /></log4net:properties></log4net:event>
<log4net:event logger="ChungCuNhaOXaHoi.SRV.Data.DanhMucDongCCDAC" timestamp="2019-05-27T11:14:31.3280033+07:00" level="ERROR" thread="134" domain="/LM/W3SVC/2/ROOT/ChungCuNhaOXaHoi-3-132033955580339316" username="IIS APPPOOL\SoXayDung_Service"><log4net:message>The number of parameters does not match number of values for stored procedure.</log4net:message><log4net:properties><log4net:data name="log4net:UserName" value="IIS APPPOOL\SoXayDung_Service" /><log4net:data name="log4net:Identity" value="" /><log4net:data name="log4net:HostName" value="GMC-50350" /></log4net:properties></log4net:event>
<log4net:event logger="ChungCuNhaOXaHoi.SRV.Data.DanhMucDongCCDAC" timestamp="2019-05-27T11:18:01.1643154+07:00" level="ERROR" thread="134" domain="/LM/W3SVC/2/ROOT/ChungCuNhaOXaHoi-3-132033955580339316" username="IIS APPPOOL\SoXayDung_Service"><log4net:message>The number of parameters does not match number of values for stored procedure.</log4net:message><log4net:properties><log4net:data name="log4net:UserName" value="IIS APPPOOL\SoXayDung_Service" /><log4net:data name="log4net:Identity" value="" /><log4net:data name="log4net:HostName" value="GMC-50350" /></log4net:properties></log4net:event>
<log4net:event logger="ChungCuNhaOXaHoi.SRV.Data.DanhMucDongCCDAC" timestamp="2019-05-27T11:33:04.7311438+07:00" level="ERROR" thread="134" domain="/LM/W3SVC/2/ROOT/ChungCuNhaOXaHoi-3-132033955580339316" username="IIS APPPOOL\SoXayDung_Service"><log4net:message>The number of parameters does not match number of values for stored procedure.</log4net:message><log4net:properties><log4net:data name="log4net:UserName" value="IIS APPPOOL\SoXayDung_Service" /><log4net:data name="log4net:Identity" value="" /><log4net:data name="log4net:HostName" value="GMC-50350" /></log4net:properties></log4net:event>
<log4net:event logger="ChungCuNhaOXaHoi.SRV.Data.DanhMucDongCCDAC" timestamp="2019-05-27T11:35:11.0755174+07:00" level="ERROR" thread="134" domain="/LM/W3SVC/2/ROOT/ChungCuNhaOXaHoi-3-132033955580339316" username="IIS APPPOOL\SoXayDung_Service"><log4net:message>The number of parameters does not match number of values for stored procedure.</log4net:message><log4net:properties><log4net:data name="log4net:UserName" value="IIS APPPOOL\SoXayDung_Service" /><log4net:data name="log4net:Identity" value="" /><log4net:data name="log4net:HostName" value="GMC-50350" /></log4net:properties></log4net:event>
<log4net:event logger="ChungCuNhaOXaHoi.SRV.Data.DanhMucDongCCDAC" timestamp="2019-05-27T11:38:15.609848+07:00" level="ERROR" thread="134" domain="/LM/W3SVC/2/ROOT/ChungCuNhaOXaHoi-3-132033955580339316" username="IIS APPPOOL\SoXayDung_Service"><log4net:message>The number of parameters does not match number of values for stored procedure.</log4net:message><log4net:properties><log4net:data name="log4net:UserName" value="IIS APPPOOL\SoXayDung_Service" /><log4net:data name="log4net:Identity" value="" /><log4net:data name="log4net:HostName" value="GMC-50350" /></log4net:properties></log4net:event>
<log4net:event logger="ChungCuNhaOXaHoi.SRV.Data.DanhMucDongCCDAC" timestamp="2019-05-27T11:42:39.8704+07:00" level="ERROR" thread="134" domain="/LM/W3SVC/2/ROOT/ChungCuNhaOXaHoi-3-132033955580339316" username="IIS APPPOOL\SoXayDung_Service"><log4net:message>The number of parameters does not match number of values for stored procedure.</log4net:message><log4net:properties><log4net:data name="log4net:UserName" value="IIS APPPOOL\SoXayDung_Service" /><log4net:data name="log4net:Identity" value="" /><log4net:data name="log4net:HostName" value="GMC-50350" /></log4net:properties></log4net:event>
<log4net:event logger="ChungCuNhaOXaHoi.SRV.Data.DanhMucDongCCDAC" timestamp="2019-05-27T11:43:59.5275639+07:00" level="ERROR" thread="134" domain="/LM/W3SVC/2/ROOT/ChungCuNhaOXaHoi-3-132033955580339316" username="IIS APPPOOL\SoXayDung_Service"><log4net:message>The number of parameters does not match number of values for stored procedure.</log4net:message><log4net:properties><log4net:data name="log4net:UserName" value="IIS APPPOOL\SoXayDung_Service" /><log4net:data name="log4net:Identity" value="" /><log4net:data name="log4net:HostName" value="GMC-50350" /></log4net:properties></log4net:event>
<log4net:event logger="ChungCuNhaOXaHoi.SRV.Data.DanhMucDongCCDAC" timestamp="2019-05-27T11:45:09.0646499+07:00" level="ERROR" thread="5" domain="/LM/W3SVC/2/ROOT/ChungCuNhaOXaHoi-3-132033955580339316" username="IIS APPPOOL\SoXayDung_Service"><log4net:message>The number of parameters does not match number of values for stored procedure.</log4net:message><log4net:properties><log4net:data name="log4net:UserName" value="IIS APPPOOL\SoXayDung_Service" /><log4net:data name="log4net:Identity" value="" /><log4net:data name="log4net:HostName" value="GMC-50350" /></log4net:properties></log4net:event>
<log4net:event logger="ChungCuNhaOXaHoi.SRV.Data.DanhMucDongCCDAC" timestamp="2019-05-27T11:45:45.1909351+07:00" level="ERROR" thread="134" domain="/LM/W3SVC/2/ROOT/ChungCuNhaOXaHoi-3-132033955580339316" username="IIS APPPOOL\SoXayDung_Service"><log4net:message>The number of parameters does not match number of values for stored procedure.</log4net:message><log4net:properties><log4net:data name="log4net:UserName" value="IIS APPPOOL\SoXayDung_Service" /><log4net:data name="log4net:Identity" value="" /><log4net:data name="log4net:HostName" value="GMC-50350" /></log4net:properties></log4net:event>
<log4net:event logger="ChungCuNhaOXaHoi.SRV.Data.DanhMucDongCCDAC" timestamp="2019-05-27T11:46:52.2358766+07:00" level="ERROR" thread="134" domain="/LM/W3SVC/2/ROOT/ChungCuNhaOXaHoi-3-132033955580339316" username="IIS APPPOOL\SoXayDung_Service"><log4net:message>Procedure or function 'sp_DM_NhomDuAn_Lst' expects parameter '@GhiChu', which was not supplied.</log4net:message><log4net:properties><log4net:data name="log4net:UserName" value="IIS APPPOOL\SoXayDung_Service" /><log4net:data name="log4net:Identity" value="" /><log4net:data name="log4net:HostName" value="GMC-50350" /></log4net:properties></log4net:event>
<log4net:event logger="ChungCuNhaOXaHoi.SRV.Data.DanhMucDongCCDAC" timestamp="2019-05-27T11:46:57.9623876+07:00" level="ERROR" thread="134" domain="/LM/W3SVC/2/ROOT/ChungCuNhaOXaHoi-3-132033955580339316" username="IIS APPPOOL\SoXayDung_Service"><log4net:message>Procedure or function 'sp_DM_NhomDuAn_Lst' expects parameter '@GhiChu', which was not supplied.</log4net:message><log4net:properties><log4net:data name="log4net:UserName" value="IIS APPPOOL\SoXayDung_Service" /><log4net:data name="log4net:Identity" value="" /><log4net:data name="log4net:HostName" value="GMC-50350" /></log4net:properties></log4net:event>
<log4net:event logger="ChungCuNhaOXaHoi.SRV.Data.DanhMucDongCCDAC" timestamp="2019-05-27T11:47:16.1253732+07:00" level="ERROR" thread="134" domain="/LM/W3SVC/2/ROOT/ChungCuNhaOXaHoi-3-132033955580339316" username="IIS APPPOOL\SoXayDung_Service"><log4net:message>Procedure or function 'sp_DM_NhomDuAn_Lst' expects parameter '@GhiChu', which was not supplied.</log4net:message><log4net:properties><log4net:data name="log4net:UserName" value="IIS APPPOOL\SoXayDung_Service" /><log4net:data name="log4net:Identity" value="" /><log4net:data name="log4net:HostName" value="GMC-50350" /></log4net:properties></log4net:event>
<log4net:event logger="ChungCuNhaOXaHoi.SRV.Data.DanhMucDongCCDAC" timestamp="2019-05-27T11:47:19.1374158+07:00" level="ERROR" thread="133" domain="/LM/W3SVC/2/ROOT/ChungCuNhaOXaHoi-3-132033955580339316" username="IIS APPPOOL\SoXayDung_Service"><log4net:message>Procedure or function 'sp_DM_NhomDuAn_Lst' expects parameter '@GhiChu', which was not supplied.</log4net:message><log4net:properties><log4net:data name="log4net:UserName" value="IIS APPPOOL\SoXayDung_Service" /><log4net:data name="log4net:Identity" value="" /><log4net:data name="log4net:HostName" value="GMC-50350" /></log4net:properties></log4net:event>
<log4net:event logger="ChungCuNhaOXaHoi.SRV.Data.DanhMucDongCCDAC" timestamp="2019-05-27T11:48:51.236801+07:00" level="ERROR" thread="134" domain="/LM/W3SVC/2/ROOT/ChungCuNhaOXaHoi-3-132033955580339316" username="IIS APPPOOL\SoXayDung_Service"><log4net:message>Procedure or function 'sp_DM_NhomDuAn_Lst' expects parameter '@GhiChu', which was not supplied.</log4net:message><log4net:properties><log4net:data name="log4net:UserName" value="IIS APPPOOL\SoXayDung_Service" /><log4net:data name="log4net:Identity" value="" /><log4net:data name="log4net:HostName" value="GMC-50350" /></log4net:properties></log4net:event>
<log4net:event logger="ChungCuNhaOXaHoi.SRV.Data.DanhMucDongCCDAC" timestamp="2019-05-27T11:48:59.1808295+07:00" level="ERROR" thread="134" domain="/LM/W3SVC/2/ROOT/ChungCuNhaOXaHoi-3-132033955580339316" username="IIS APPPOOL\SoXayDung_Service"><log4net:message>Procedure or function 'sp_DM_NhomDuAn_Lst' expects parameter '@GhiChu', which was not supplied.</log4net:message><log4net:properties><log4net:data name="log4net:UserName" value="IIS APPPOOL\SoXayDung_Service" /><log4net:data name="log4net:Identity" value="" /><log4net:data name="log4net:HostName" value="GMC-50350" /></log4net:properties></log4net:event>
<log4net:event logger="ChungCuNhaOXaHoi.SRV.Data.DanhMucDongCCDAC" timestamp="2019-05-27T12:09:15.181995+07:00" level="ERROR" thread="81" domain="/LM/W3SVC/2/ROOT/ChungCuNhaOXaHoi-5-132034072368300193" username="IIS APPPOOL\SoXayDung_Service"><log4net:message>The number of parameters does not match number of values for stored procedure.</log4net:message><log4net:properties><log4net:data name="log4net:UserName" value="IIS APPPOOL\SoXayDung_Service" /><log4net:data name="log4net:Identity" value="" /><log4net:data name="log4net:HostName" value="GMC-50350" /></log4net:properties></log4net:event>
<log4net:event logger="ChungCuNhaOXaHoi.SRV.Data.DanhMucDongCCDAC" timestamp="2019-05-27T13:10:02.3691602+07:00" level="ERROR" thread="9" domain="/LM/W3SVC/2/ROOT/ChungCuNhaOXaHoi-1-132034109327877774" username="IIS APPPOOL\SoXayDung_Service"><log4net:message>The number of parameters does not match number of values for stored procedure.</log4net:message><log4net:properties><log4net:data name="log4net:UserName" value="IIS APPPOOL\SoXayDung_Service" /><log4net:data name="log4net:Identity" value="" /><log4net:data name="log4net:HostName" value="GMC-50350" /></log4net:properties></log4net:event>
<log4net:event logger="ChungCuNhaOXaHoi.SRV.Data.DanhMucDongCCDAC" timestamp="2019-05-27T13:10:15.1697961+07:00" level="ERROR" thread="17" domain="/LM/W3SVC/2/ROOT/ChungCuNhaOXaHoi-1-132034109327877774" username="IIS APPPOOL\SoXayDung_Service"><log4net:message>The number of parameters does not match number of values for stored procedure.</log4net:message><log4net:properties><log4net:data name="log4net:UserName" value="IIS APPPOOL\SoXayDung_Service" /><log4net:data name="log4net:Identity" value="" /><log4net:data name="log4net:HostName" value="GMC-50350" /></log4net:properties></log4net:event>
<log4net:event logger="ChungCuNhaOXaHoi.SRV.Data.DanhMucDongCCDAC" timestamp="2019-05-27T13:10:37.8358723+07:00" level="ERROR" thread="21" domain="/LM/W3SVC/2/ROOT/ChungCuNhaOXaHoi-1-132034109327877774" username="IIS APPPOOL\SoXayDung_Service"><log4net:message>The number of parameters does not match number of values for stored procedure.</log4net:message><log4net:properties><log4net:data name="log4net:UserName" value="IIS APPPOOL\SoXayDung_Service" /><log4net:data name="log4net:Identity" value="" /><log4net:data name="log4net:HostName" value="GMC-50350" /></log4net:properties></log4net:event>
<log4net:event logger="ChungCuNhaOXaHoi.SRV.Data.DanhMucDongCCDAC" timestamp="2019-05-27T13:12:38.8303703+07:00" level="ERROR" thread="7" domain="/LM/W3SVC/2/ROOT/ChungCuNhaOXaHoi-1-132034109327877774" username="IIS APPPOOL\SoXayDung_Service"><log4net:message>The number of parameters does not match number of values for stored procedure.</log4net:message><log4net:properties><log4net:data name="log4net:UserName" value="IIS APPPOOL\SoXayDung_Service" /><log4net:data name="log4net:Identity" value="" /><log4net:data name="log4net:HostName" value="GMC-50350" /></log4net:properties></log4net:event>
<log4net:event logger="ChungCuNhaOXaHoi.SRV.Data.DanhMucDongCCDAC" timestamp="2019-05-27T13:14:07.7654363+07:00" level="ERROR" thread="16" domain="/LM/W3SVC/2/ROOT/ChungCuNhaOXaHoi-1-132034109327877774" username="IIS APPPOOL\SoXayDung_Service"><log4net:message>The number of parameters does not match number of values for stored procedure.</log4net:message><log4net:properties><log4net:data name="log4net:UserName" value="IIS APPPOOL\SoXayDung_Service" /><log4net:data name="log4net:Identity" value="" /><log4net:data name="log4net:HostName" value="GMC-50350" /></log4net:properties></log4net:event>
<log4net:event logger="ChungCuNhaOXaHoi.SRV.Data.DanhMucDongCCDAC" timestamp="2019-05-27T13:14:14.8534172+07:00" level="ERROR" thread="16" domain="/LM/W3SVC/2/ROOT/ChungCuNhaOXaHoi-1-132034109327877774" username="IIS APPPOOL\SoXayDung_Service"><log4net:message>The number of parameters does not match number of values for stored procedure.</log4net:message><log4net:properties><log4net:data name="log4net:UserName" value="IIS APPPOOL\SoXayDung_Service" /><log4net:data name="log4net:Identity" value="" /><log4net:data name="log4net:HostName" value="GMC-50350" /></log4net:properties></log4net:event>
<log4net:event logger="ChungCuNhaOXaHoi.SRV.Data.DanhMucDongCCDAC" timestamp="2019-05-27T13:15:56.5140786+07:00" level="ERROR" thread="7" domain="/LM/W3SVC/2/ROOT/ChungCuNhaOXaHoi-1-132034109327877774" username="IIS APPPOOL\SoXayDung_Service"><log4net:message>The number of parameters does not match number of values for stored procedure.</log4net:message><log4net:properties><log4net:data name="log4net:UserName" value="IIS APPPOOL\SoXayDung_Service" /><log4net:data name="log4net:Identity" value="" /><log4net:data name="log4net:HostName" value="GMC-50350" /></log4net:properties></log4net:event>
<log4net:event logger="ChungCuNhaOXaHoi.SRV.Data.DanhMucDongCCDAC" timestamp="2019-05-27T13:16:11.6652354+07:00" level="ERROR" thread="7" domain="/LM/W3SVC/2/ROOT/ChungCuNhaOXaHoi-1-132034109327877774" username="IIS APPPOOL\SoXayDung_Service"><log4net:message>The number of parameters does not match number of values for stored procedure.</log4net:message><log4net:properties><log4net:data name="log4net:UserName" value="IIS APPPOOL\SoXayDung_Service" /><log4net:data name="log4net:Identity" value="" /><log4net:data name="log4net:HostName" value="GMC-50350" /></log4net:properties></log4net:event>
<log4net:event logger="ChungCuNhaOXaHoi.SRV.Data.DanhMucDongCCDAC" timestamp="2019-05-27T13:17:31.5961847+07:00" level="ERROR" thread="7" domain="/LM/W3SVC/2/ROOT/ChungCuNhaOXaHoi-1-132034109327877774" username="IIS APPPOOL\SoXayDung_Service"><log4net:message>The number of parameters does not match number of values for stored procedure.</log4net:message><log4net:properties><log4net:data name="log4net:UserName" value="IIS APPPOOL\SoXayDung_Service" /><log4net:data name="log4net:Identity" value="" /><log4net:data name="log4net:HostName" value="GMC-50350" /></log4net:properties></log4net:event>
<log4net:event logger="ChungCuNhaOXaHoi.SRV.Data.DanhMucDongCCDAC" timestamp="2019-05-27T13:19:47.5089624+07:00" level="ERROR" thread="7" domain="/LM/W3SVC/2/ROOT/ChungCuNhaOXaHoi-1-132034109327877774" username="IIS APPPOOL\SoXayDung_Service"><log4net:message>Must declare the scalar variable "@GhiChu".</log4net:message><log4net:properties><log4net:data name="log4net:UserName" value="IIS APPPOOL\SoXayDung_Service" /><log4net:data name="log4net:Identity" value="" /><log4net:data name="log4net:HostName" value="GMC-50350" /></log4net:properties></log4net:event>
<log4net:event logger="ChungCuNhaOXaHoi.SRV.Data.DanhMucDongCCDAC" timestamp="2019-05-27T13:19:54.6348927+07:00" level="ERROR" thread="7" domain="/LM/W3SVC/2/ROOT/ChungCuNhaOXaHoi-1-132034109327877774" username="IIS APPPOOL\SoXayDung_Service"><log4net:message>Must declare the scalar variable "@GhiChu".</log4net:message><log4net:properties><log4net:data name="log4net:UserName" value="IIS APPPOOL\SoXayDung_Service" /><log4net:data name="log4net:Identity" value="" /><log4net:data name="log4net:HostName" value="GMC-50350" /></log4net:properties></log4net:event>
<log4net:event logger="ChungCuNhaOXaHoi.SRV.Data.DanhMucDongCCDAC" timestamp="2019-05-27T13:19:58.6538571+07:00" level="ERROR" thread="16" domain="/LM/W3SVC/2/ROOT/ChungCuNhaOXaHoi-1-132034109327877774" username="IIS APPPOOL\SoXayDung_Service"><log4net:message>Must declare the scalar variable "@GhiChu".</log4net:message><log4net:properties><log4net:data name="log4net:UserName" value="IIS APPPOOL\SoXayDung_Service" /><log4net:data name="log4net:Identity" value="" /><log4net:data name="log4net:HostName" value="GMC-50350" /></log4net:properties></log4net:event>
<log4net:event logger="ChungCuNhaOXaHoi.SRV.Data.DanhMucDongCCDAC" timestamp="2019-05-27T13:19:58.6748417+07:00" level="ERROR" thread="7" domain="/LM/W3SVC/2/ROOT/ChungCuNhaOXaHoi-1-132034109327877774" username="IIS APPPOOL\SoXayDung_Service"><log4net:message>Must declare the scalar variable "@GhiChu".</log4net:message><log4net:properties><log4net:data name="log4net:UserName" value="IIS APPPOOL\SoXayDung_Service" /><log4net:data name="log4net:Identity" value="" /><log4net:data name="log4net:HostName" value="GMC-50350" /></log4net:properties></log4net:event>
<log4net:event logger="ChungCuNhaOXaHoi.SRV.Data.DanhMucDongCCDAC" timestamp="2019-05-27T13:20:18.7491716+07:00" level="ERROR" thread="16" domain="/LM/W3SVC/2/ROOT/ChungCuNhaOXaHoi-1-132034109327877774" username="IIS APPPOOL\SoXayDung_Service"><log4net:message>Must declare the scalar variable "@GhiChu".</log4net:message><log4net:properties><log4net:data name="log4net:UserName" value="IIS APPPOOL\SoXayDung_Service" /><log4net:data name="log4net:Identity" value="" /><log4net:data name="log4net:HostName" value="GMC-50350" /></log4net:properties></log4net:event>
<log4net:event logger="ChungCuNhaOXaHoi.SRV.Data.DanhMucDongCCDAC" timestamp="2019-05-27T13:22:53.4674489+07:00" level="ERROR" thread="7" domain="/LM/W3SVC/2/ROOT/ChungCuNhaOXaHoi-1-132034109327877774" username="IIS APPPOOL\SoXayDung_Service"><log4net:message>Must declare the scalar variable "@GhiChu".</log4net:message><log4net:properties><log4net:data name="log4net:UserName" value="IIS APPPOOL\SoXayDung_Service" /><log4net:data name="log4net:Identity" value="" /><log4net:data name="log4net:HostName" value="GMC-50350" /></log4net:properties></log4net:event>
<log4net:event logger="ChungCuNhaOXaHoi.SRV.Data.DanhMucDongCCDAC" timestamp="2019-05-27T13:28:24.8232212+07:00" level="ERROR" thread="7" domain="/LM/W3SVC/2/ROOT/ChungCuNhaOXaHoi-1-132034109327877774" username="IIS APPPOOL\SoXayDung_Service"><log4net:message>The number of parameters does not match number of values for stored procedure.</log4net:message><log4net:properties><log4net:data name="log4net:UserName" value="IIS APPPOOL\SoXayDung_Service" /><log4net:data name="log4net:Identity" value="" /><log4net:data name="log4net:HostName" value="GMC-50350" /></log4net:properties></log4net:event>
<log4net:event logger="ChungCuNhaOXaHoi.SRV.Data.DanhMucDongCCDAC" timestamp="2019-05-27T13:29:18.0587903+07:00" level="ERROR" thread="7" domain="/LM/W3SVC/2/ROOT/ChungCuNhaOXaHoi-1-132034109327877774" username="IIS APPPOOL\SoXayDung_Service"><log4net:message>The number of parameters does not match number of values for stored procedure.</log4net:message><log4net:properties><log4net:data name="log4net:UserName" value="IIS APPPOOL\SoXayDung_Service" /><log4net:data name="log4net:Identity" value="" /><log4net:data name="log4net:HostName" value="GMC-50350" /></log4net:properties></log4net:event>
<log4net:event logger="ChungCuNhaOXaHoi.SRV.Data.DanhMucDongCCDAC" timestamp="2019-05-27T13:31:29.6001001+07:00" level="ERROR" thread="7" domain="/LM/W3SVC/2/ROOT/ChungCuNhaOXaHoi-1-132034109327877774" username="IIS APPPOOL\SoXayDung_Service"><log4net:message>The number of parameters does not match number of values for stored procedure.</log4net:message><log4net:properties><log4net:data name="log4net:UserName" value="IIS APPPOOL\SoXayDung_Service" /><log4net:data name="log4net:Identity" value="" /><log4net:data name="log4net:HostName" value="GMC-50350" /></log4net:properties></log4net:event>
<log4net:event logger="ChungCuNhaOXaHoi.SRV.Data.DanhMucDongCCDAC" timestamp="2019-05-27T13:33:16.0278439+07:00" level="ERROR" thread="1" domain="/LM/W3SVC/2/ROOT/ChungCuNhaOXaHoi-1-132034109327877774" username="IIS APPPOOL\SoXayDung_Service"><log4net:message>The number of parameters does not match number of values for stored procedure.</log4net:message><log4net:properties><log4net:data name="log4net:UserName" value="IIS APPPOOL\SoXayDung_Service" /><log4net:data name="log4net:Identity" value="" /><log4net:data name="log4net:HostName" value="GMC-50350" /></log4net:properties></log4net:event>
<log4net:event logger="ChungCuNhaOXaHoi.SRV.Data.DanhMucDongCCDAC" timestamp="2019-05-27T13:33:32.5117655+07:00" level="ERROR" thread="7" domain="/LM/W3SVC/2/ROOT/ChungCuNhaOXaHoi-1-132034109327877774" username="IIS APPPOOL\SoXayDung_Service"><log4net:message>The number of parameters does not match number of values for stored procedure.</log4net:message><log4net:properties><log4net:data name="log4net:UserName" value="IIS APPPOOL\SoXayDung_Service" /><log4net:data name="log4net:Identity" value="" /><log4net:data name="log4net:HostName" value="GMC-50350" /></log4net:properties></log4net:event>
<log4net:event logger="ChungCuNhaOXaHoi.SRV.Data.DanhMucDongCCDAC" timestamp="2019-05-27T13:36:36.5722573+07:00" level="ERROR" thread="7" domain="/LM/W3SVC/2/ROOT/ChungCuNhaOXaHoi-1-132034109327877774" username="IIS APPPOOL\SoXayDung_Service"><log4net:message>The number of parameters does not match number of values for stored procedure.</log4net:message><log4net:properties><log4net:data name="log4net:UserName" value="IIS APPPOOL\SoXayDung_Service" /><log4net:data name="log4net:Identity" value="" /><log4net:data name="log4net:HostName" value="GMC-50350" /></log4net:properties></log4net:event>
<log4net:event logger="ChungCuNhaOXaHoi.SRV.Data.DanhMucDongCCDAC" timestamp="2019-05-27T13:38:12.8550502+07:00" level="ERROR" thread="7" domain="/LM/W3SVC/2/ROOT/ChungCuNhaOXaHoi-1-132034109327877774" username="IIS APPPOOL\SoXayDung_Service"><log4net:message>The number of parameters does not match number of values for stored procedure.</log4net:message><log4net:properties><log4net:data name="log4net:UserName" value="IIS APPPOOL\SoXayDung_Service" /><log4net:data name="log4net:Identity" value="" /><log4net:data name="log4net:HostName" value="GMC-50350" /></log4net:properties></log4net:event>
<log4net:event logger="ChungCuNhaOXaHoi.SRV.Data.DanhMucDongCCDAC" timestamp="2019-05-27T13:39:14.9832472+07:00" level="ERROR" thread="7" domain="/LM/W3SVC/2/ROOT/ChungCuNhaOXaHoi-1-132034109327877774" username="IIS APPPOOL\SoXayDung_Service"><log4net:message>The number of parameters does not match number of values for stored procedure.</log4net:message><log4net:properties><log4net:data name="log4net:UserName" value="IIS APPPOOL\SoXayDung_Service" /><log4net:data name="log4net:Identity" value="" /><log4net:data name="log4net:HostName" value="GMC-50350" /></log4net:properties></log4net:event>
<log4net:event logger="ChungCuNhaOXaHoi.SRV.Data.DanhMucDongCCDAC" timestamp="2019-05-27T13:39:36.084832+07:00" level="ERROR" thread="7" domain="/LM/W3SVC/2/ROOT/ChungCuNhaOXaHoi-1-132034109327877774" username="IIS APPPOOL\SoXayDung_Service"><log4net:message>The number of parameters does not match number of values for stored procedure.</log4net:message><log4net:properties><log4net:data name="log4net:UserName" value="IIS APPPOOL\SoXayDung_Service" /><log4net:data name="log4net:Identity" value="" /><log4net:data name="log4net:HostName" value="GMC-50350" /></log4net:properties></log4net:event>
<log4net:event logger="ChungCuNhaOXaHoi.SRV.Data.DanhMucDongCCDAC" timestamp="2019-05-27T13:41:40.3598153+07:00" level="ERROR" thread="7" domain="/LM/W3SVC/2/ROOT/ChungCuNhaOXaHoi-1-132034109327877774" username="IIS APPPOOL\SoXayDung_Service"><log4net:message>The number of parameters does not match number of values for stored procedure.</log4net:message><log4net:properties><log4net:data name="log4net:UserName" value="IIS APPPOOL\SoXayDung_Service" /><log4net:data name="log4net:Identity" value="" /><log4net:data name="log4net:HostName" value="GMC-50350" /></log4net:properties></log4net:event>
<log4net:event logger="ChungCuNhaOXaHoi.SRV.Data.DanhMucDongCCDAC" timestamp="2019-05-27T13:45:40.8494369+07:00" level="ERROR" thread="7" domain="/LM/W3SVC/2/ROOT/ChungCuNhaOXaHoi-1-132034109327877774" username="IIS APPPOOL\SoXayDung_Service"><log4net:message>The number of parameters does not match number of values for stored procedure.</log4net:message><log4net:properties><log4net:data name="log4net:UserName" value="IIS APPPOOL\SoXayDung_Service" /><log4net:data name="log4net:Identity" value="" /><log4net:data name="log4net:HostName" value="GMC-50350" /></log4net:properties></log4net:event>
<log4net:event logger="ChungCuNhaOXaHoi.SRV.Data.DanhMucDongCCDAC" timestamp="2019-05-27T13:46:10.1782084+07:00" level="ERROR" thread="70" domain="/LM/W3SVC/2/ROOT/ChungCuNhaOXaHoi-1-132034109327877774" username="IIS APPPOOL\SoXayDung_Service"><log4net:message>The number of parameters does not match number of values for stored procedure.</log4net:message><log4net:properties><log4net:data name="log4net:UserName" value="IIS APPPOOL\SoXayDung_Service" /><log4net:data name="log4net:Identity" value="" /><log4net:data name="log4net:HostName" value="GMC-50350" /></log4net:properties></log4net:event>
<log4net:event logger="ChungCuNhaOXaHoi.SRV.Data.DanhMucDongCCDAC" timestamp="2019-05-27T13:46:29.3136649+07:00" level="ERROR" thread="7" domain="/LM/W3SVC/2/ROOT/ChungCuNhaOXaHoi-1-132034109327877774" username="IIS APPPOOL\SoXayDung_Service"><log4net:message>The number of parameters does not match number of values for stored procedure.</log4net:message><log4net:properties><log4net:data name="log4net:UserName" value="IIS APPPOOL\SoXayDung_Service" /><log4net:data name="log4net:Identity" value="" /><log4net:data name="log4net:HostName" value="GMC-50350" /></log4net:properties></log4net:event>
<log4net:event logger="ChungCuNhaOXaHoi.SRV.Data.DanhMucDongCCDAC" timestamp="2019-05-27T13:53:04.0149562+07:00" level="ERROR" thread="7" domain="/LM/W3SVC/2/ROOT/ChungCuNhaOXaHoi-1-132034109327877774" username="IIS APPPOOL\SoXayDung_Service"><log4net:message>The number of parameters does not match number of values for stored procedure.</log4net:message><log4net:properties><log4net:data name="log4net:UserName" value="IIS APPPOOL\SoXayDung_Service" /><log4net:data name="log4net:Identity" value="" /><log4net:data name="log4net:HostName" value="GMC-50350" /></log4net:properties></log4net:event>
<log4net:event logger="ChungCuNhaOXaHoi.SRV.Data.DanhMucDongCCDAC" timestamp="2019-05-27T13:53:29.1438298+07:00" level="ERROR" thread="7" domain="/LM/W3SVC/2/ROOT/ChungCuNhaOXaHoi-1-132034109327877774" username="IIS APPPOOL\SoXayDung_Service"><log4net:message>The number of parameters does not match number of values for stored procedure.</log4net:message><log4net:properties><log4net:data name="log4net:UserName" value="IIS APPPOOL\SoXayDung_Service" /><log4net:data name="log4net:Identity" value="" /><log4net:data name="log4net:HostName" value="GMC-50350" /></log4net:properties></log4net:event>
<log4net:event logger="ChungCuNhaOXaHoi.SRV.Data.DanhMucDongCCDAC" timestamp="2019-05-27T13:53:38.8581831+07:00" level="ERROR" thread="7" domain="/LM/W3SVC/2/ROOT/ChungCuNhaOXaHoi-1-132034109327877774" username="IIS APPPOOL\SoXayDung_Service"><log4net:message>The number of parameters does not match number of values for stored procedure.</log4net:message><log4net:properties><log4net:data name="log4net:UserName" value="IIS APPPOOL\SoXayDung_Service" /><log4net:data name="log4net:Identity" value="" /><log4net:data name="log4net:HostName" value="GMC-50350" /></log4net:properties></log4net:event>
<log4net:event logger="ChungCuNhaOXaHoi.SRV.Data.DanhMucDongCCDAC" timestamp="2019-05-27T13:55:27.2909919+07:00" level="ERROR" thread="1" domain="/LM/W3SVC/2/ROOT/ChungCuNhaOXaHoi-1-132034109327877774" username="IIS APPPOOL\SoXayDung_Service"><log4net:message>The number of parameters does not match number of values for stored procedure.</log4net:message><log4net:properties><log4net:data name="log4net:UserName" value="IIS APPPOOL\SoXayDung_Service" /><log4net:data name="log4net:Identity" value="" /><log4net:data name="log4net:HostName" value="GMC-50350" /></log4net:properties></log4net:event>
<log4net:event logger="ChungCuNhaOXaHoi.SRV.Data.DanhMucDongCCDAC" timestamp="2019-05-27T13:56:50.1770638+07:00" level="ERROR" thread="7" domain="/LM/W3SVC/2/ROOT/ChungCuNhaOXaHoi-1-132034109327877774" username="IIS APPPOOL\SoXayDung_Service"><log4net:message>The number of parameters does not match number of values for stored procedure.</log4net:message><log4net:properties><log4net:data name="log4net:UserName" value="IIS APPPOOL\SoXayDung_Service" /><log4net:data name="log4net:Identity" value="" /><log4net:data name="log4net:HostName" value="GMC-50350" /></log4net:properties></log4net:event>
<log4net:event logger="ChungCuNhaOXaHoi.SRV.Data.DanhMucDongCCDAC" timestamp="2019-05-27T13:58:13.186135+07:00" level="ERROR" thread="7" domain="/LM/W3SVC/2/ROOT/ChungCuNhaOXaHoi-1-132034109327877774" username="IIS APPPOOL\SoXayDung_Service"><log4net:message>The number of parameters does not match number of values for stored procedure.</log4net:message><log4net:properties><log4net:data name="log4net:UserName" value="IIS APPPOOL\SoXayDung_Service" /><log4net:data name="log4net:Identity" value="" /><log4net:data name="log4net:HostName" value="GMC-50350" /></log4net:properties></log4net:event>
<log4net:event logger="ChungCuNhaOXaHoi.SRV.Data.DanhMucDongCCDAC" timestamp="2019-05-27T13:59:23.2415585+07:00" level="ERROR" thread="7" domain="/LM/W3SVC/2/ROOT/ChungCuNhaOXaHoi-1-132034109327877774" username="IIS APPPOOL\SoXayDung_Service"><log4net:message>The number of parameters does not match number of values for stored procedure.</log4net:message><log4net:properties><log4net:data name="log4net:UserName" value="IIS APPPOOL\SoXayDung_Service" /><log4net:data name="log4net:Identity" value="" /><log4net:data name="log4net:HostName" value="GMC-50350" /></log4net:properties></log4net:event>
<log4net:event logger="ChungCuNhaOXaHoi.SRV.Data.DanhMucDongCCDAC" timestamp="2019-05-27T13:59:35.671994+07:00" level="ERROR" thread="7" domain="/LM/W3SVC/2/ROOT/ChungCuNhaOXaHoi-1-132034109327877774" username="IIS APPPOOL\SoXayDung_Service"><log4net:message>The number of parameters does not match number of values for stored procedure.</log4net:message><log4net:properties><log4net:data name="log4net:UserName" value="IIS APPPOOL\SoXayDung_Service" /><log4net:data name="log4net:Identity" value="" /><log4net:data name="log4net:HostName" value="GMC-50350" /></log4net:properties></log4net:event>
<log4net:event logger="ChungCuNhaOXaHoi.SRV.Data.DanhMucDongCCDAC" timestamp="2019-05-27T16:02:13.4378621+07:00" level="ERROR" thread="1" domain="/LM/W3SVC/2/ROOT/ChungCuNhaOXaHoi-3-132034213331420447" username="IIS APPPOOL\SoXayDung_Service"><log4net:message>The stored procedure 'sp_LyDoThuHoiGiayPhepThau_Lst' doesn't exist.</log4net:message><log4net:properties><log4net:data name="log4net:UserName" value="IIS APPPOOL\SoXayDung_Service" /><log4net:data name="log4net:Identity" value="" /><log4net:data name="log4net:HostName" value="GMC-50350" /></log4net:properties></log4net:event>
<log4net:event logger="ChungCuNhaOXaHoi.SRV.Data.DanhMucDongCCDAC" timestamp="2019-05-27T16:02:26.8947758+07:00" level="ERROR" thread="1" domain="/LM/W3SVC/2/ROOT/ChungCuNhaOXaHoi-3-132034213331420447" username="IIS APPPOOL\SoXayDung_Service"><log4net:message>The stored procedure 'sp_LyDoThuHoiGiayPhepThau_Lst' doesn't exist.</log4net:message><log4net:properties><log4net:data name="log4net:UserName" value="IIS APPPOOL\SoXayDung_Service" /><log4net:data name="log4net:Identity" value="" /><log4net:data name="log4net:HostName" value="GMC-50350" /></log4net:properties></log4net:event>
<log4net:event logger="ChungCuNhaOXaHoi.SRV.Data.DanhMucDongCCDAC" timestamp="2019-05-27T16:38:21.1991569+07:00" level="ERROR" thread="1" domain="/LM/W3SVC/2/ROOT/ChungCuNhaOXaHoi-2-132034228508639525" username="IIS APPPOOL\SoXayDung_Service"><log4net:message>The number of parameters does not match number of values for stored procedure.</log4net:message><log4net:properties><log4net:data name="log4net:UserName" value="IIS APPPOOL\SoXayDung_Service" /><log4net:data name="log4net:Identity" value="" /><log4net:data name="log4net:HostName" value="GMC-50350" /></log4net:properties></log4net:event>
<log4net:event logger="ChungCuNhaOXaHoi.SRV.Data.DanhMucDongCCDAC" timestamp="2019-05-27T16:40:52.2789892+07:00" level="ERROR" thread="1" domain="/LM/W3SVC/2/ROOT/ChungCuNhaOXaHoi-2-132034228508639525" username="IIS APPPOOL\SoXayDung_Service"><log4net:message>The number of parameters does not match number of values for stored procedure.</log4net:message><log4net:properties><log4net:data name="log4net:UserName" value="IIS APPPOOL\SoXayDung_Service" /><log4net:data name="log4net:Identity" value="" /><log4net:data name="log4net:HostName" value="GMC-50350" /></log4net:properties></log4net:event>
<log4net:event logger="ChungCuNhaOXaHoi.SRV.Data.DanhMucDongCCDAC" timestamp="2019-05-27T16:42:11.8522951+07:00" level="ERROR" thread="1" domain="/LM/W3SVC/2/ROOT/ChungCuNhaOXaHoi-2-132034228508639525" username="IIS APPPOOL\SoXayDung_Service"><log4net:message>The number of parameters does not match number of values for stored procedure.</log4net:message><log4net:properties><log4net:data name="log4net:UserName" value="IIS APPPOOL\SoXayDung_Service" /><log4net:data name="log4net:Identity" value="" /><log4net:data name="log4net:HostName" value="GMC-50350" /></log4net:properties></log4net:event>
<log4net:event logger="ChungCuNhaOXaHoi.SRV.Data.DanhMucDongCCDAC" timestamp="2019-05-27T16:50:09.7677526+07:00" level="ERROR" thread="39" domain="/LM/W3SVC/2/ROOT/ChungCuNhaOXaHoi-3-132034238097133375" username="IIS APPPOOL\SoXayDung_Service"><log4net:message>The stored procedure 'sp_LyDoThuHoiGiayPhepXayDung_Lst' doesn't exist.</log4net:message><log4net:properties><log4net:data name="log4net:UserName" value="IIS APPPOOL\SoXayDung_Service" /><log4net:data name="log4net:Identity" value="" /><log4net:data name="log4net:HostName" value="GMC-50350" /></log4net:properties></log4net:event>
<log4net:event logger="ChungCuNhaOXaHoi.SRV.Data.DanhMucDongCCDAC" timestamp="2019-05-27T16:53:59.4613744+07:00" level="ERROR" thread="39" domain="/LM/W3SVC/2/ROOT/ChungCuNhaOXaHoi-3-132034238097133375" username="IIS APPPOOL\SoXayDung_Service"><log4net:message>The stored procedure 'sp_LyDoNganChan_Lst' doesn't exist.</log4net:message><log4net:properties><log4net:data name="log4net:UserName" value="IIS APPPOOL\SoXayDung_Service" /><log4net:data name="log4net:Identity" value="" /><log4net:data name="log4net:HostName" value="GMC-50350" /></log4net:properties></log4net:event>
<log4net:event logger="ChungCuNhaOXaHoi.SRV.Data.DanhMucDongCCDAC" timestamp="2019-05-27T17:00:27.2229544+07:00" level="ERROR" thread="8" domain="/LM/W3SVC/2/ROOT/ChungCuNhaOXaHoi-3-132034238097133375" username="IIS APPPOOL\SoXayDung_Service"><log4net:message>The stored procedure 'sp_LyDoHuyGiayPhepThau_Lst' doesn't exist.</log4net:message><log4net:properties><log4net:data name="log4net:UserName" value="IIS APPPOOL\SoXayDung_Service" /><log4net:data name="log4net:Identity" value="" /><log4net:data name="log4net:HostName" value="GMC-50350" /></log4net:properties></log4net:event>
<log4net:event logger="ChungCuNhaOXaHoi.SRV.Data.DanhMucDongCCDAC" timestamp="2019-05-27T17:07:49.2877133+07:00" level="ERROR" thread="39" domain="/LM/W3SVC/2/ROOT/ChungCuNhaOXaHoi-3-132034238097133375" username="IIS APPPOOL\SoXayDung_Service"><log4net:message>The stored procedure 'sp_LyDoChuaNghiemThu_Lst' doesn't exist.</log4net:message><log4net:properties><log4net:data name="log4net:UserName" value="IIS APPPOOL\SoXayDung_Service" /><log4net:data name="log4net:Identity" value="" /><log4net:data name="log4net:HostName" value="GMC-50350" /></log4net:properties></log4net:event>
<log4net:event logger="ChungCuNhaOXaHoi.SRV.Data.DanhMucDongCCDAC" timestamp="2019-05-27T17:28:29.5273277+07:00" level="ERROR" thread="67" domain="/LM/W3SVC/2/ROOT/ChungCuNhaOXaHoi-3-132034238097133375" username="IIS APPPOOL\SoXayDung_Service"><log4net:message>The number of parameters does not match number of values for stored procedure.</log4net:message><log4net:properties><log4net:data name="log4net:UserName" value="IIS APPPOOL\SoXayDung_Service" /><log4net:data name="log4net:Identity" value="" /><log4net:data name="log4net:HostName" value="GMC-50350" /></log4net:properties></log4net:event>
<log4net:event logger="ChungCuNhaOXaHoi.SRV.Data.DanhMucDongCCDAC" timestamp="2019-05-27T17:29:07.1666877+07:00" level="ERROR" thread="67" domain="/LM/W3SVC/2/ROOT/ChungCuNhaOXaHoi-3-132034238097133375" username="IIS APPPOOL\SoXayDung_Service"><log4net:message>The number of parameters does not match number of values for stored procedure.</log4net:message><log4net:properties><log4net:data name="log4net:UserName" value="IIS APPPOOL\SoXayDung_Service" /><log4net:data name="log4net:Identity" value="" /><log4net:data name="log4net:HostName" value="GMC-50350" /></log4net:properties></log4net:event>
<log4net:event logger="ChungCuNhaOXaHoi.SRV.Data.DanhMucDongCCDAC" timestamp="2019-05-27T17:30:33.8973249+07:00" level="ERROR" thread="76" domain="/LM/W3SVC/2/ROOT/ChungCuNhaOXaHoi-4-132034266331876734" username="IIS APPPOOL\SoXayDung_Service"><log4net:message>The number of parameters does not match number of values for stored procedure.</log4net:message><log4net:properties><log4net:data name="log4net:UserName" value="IIS APPPOOL\SoXayDung_Service" /><log4net:data name="log4net:Identity" value="" /><log4net:data name="log4net:HostName" value="GMC-50350" /></log4net:properties></log4net:event>
