<log4net:event logger="ChungCuNhaOXaHoi.SRV.Data.ChungCuDAC" timestamp="2019-05-10T15:52:12.8004111+07:00" level="ERROR" thread="141" domain="/LM/W3SVC/2/ROOT/ChungCuNhaOXaHoi-3-132019420527462348" username="IIS APPPOOL\SoXayDung_Service"><log4net:message>Class: ChungCuDAC, function: CC_CaiTao_InsUpdate: Input string was not in a correct format.</log4net:message><log4net:properties><log4net:data name="log4net:UserName" value="IIS APPPOOL\SoXayDung_Service" /><log4net:data name="log4net:Identity" value="" /><log4net:data name="log4net:HostName" value="GMC-50350" /></log4net:properties></log4net:event>
<log4net:event logger="ChungCuNhaOXaHoi.SRV.Data.ChungCuDAC" timestamp="2019-05-10T15:52:33.8511636+07:00" level="ERROR" thread="141" domain="/LM/W3SVC/2/ROOT/ChungCuNhaOXaHoi-3-132019420527462348" username="IIS APPPOOL\SoXayDung_Service"><log4net:message>Class: ChungCuDAC, function: CC_CaiTao_InsUpdate: Input string was not in a correct format.</log4net:message><log4net:properties><log4net:data name="log4net:UserName" value="IIS APPPOOL\SoXayDung_Service" /><log4net:data name="log4net:Identity" value="" /><log4net:data name="log4net:HostName" value="GMC-50350" /></log4net:properties></log4net:event>
<log4net:event logger="ChungCuNhaOXaHoi.SRV.Data.ChungCuDAC" timestamp="2019-05-10T15:52:42.2557945+07:00" level="ERROR" thread="13" domain="/LM/W3SVC/2/ROOT/ChungCuNhaOXaHoi-3-132019420527462348" username="IIS APPPOOL\SoXayDung_Service"><log4net:message>Class: ChungCuDAC, function: CC_CaiTao_InsUpdate: Input string was not in a correct format.</log4net:message><log4net:properties><log4net:data name="log4net:UserName" value="IIS APPPOOL\SoXayDung_Service" /><log4net:data name="log4net:Identity" value="" /><log4net:data name="log4net:HostName" value="GMC-50350" /></log4net:properties></log4net:event>
<log4net:event logger="ChungCuNhaOXaHoi.SRV.Data.ChungCuDAC" timestamp="2019-05-10T15:52:50.2475856+07:00" level="ERROR" thread="141" domain="/LM/W3SVC/2/ROOT/ChungCuNhaOXaHoi-3-132019420527462348" username="IIS APPPOOL\SoXayDung_Service"><log4net:message>Class: ChungCuDAC, function: CC_CaiTao_InsUpdate: Input string was not in a correct format.</log4net:message><log4net:properties><log4net:data name="log4net:UserName" value="IIS APPPOOL\SoXayDung_Service" /><log4net:data name="log4net:Identity" value="" /><log4net:data name="log4net:HostName" value="GMC-50350" /></log4net:properties></log4net:event>
<log4net:event logger="ChungCuNhaOXaHoi.SRV.Data.ChungCuDAC" timestamp="2019-05-10T15:52:53.2503926+07:00" level="ERROR" thread="13" domain="/LM/W3SVC/2/ROOT/ChungCuNhaOXaHoi-3-132019420527462348" username="IIS APPPOOL\SoXayDung_Service"><log4net:message>Class: ChungCuDAC, function: CC_CaiTao_InsUpdate: Input string was not in a correct format.</log4net:message><log4net:properties><log4net:data name="log4net:UserName" value="IIS APPPOOL\SoXayDung_Service" /><log4net:data name="log4net:Identity" value="" /><log4net:data name="log4net:HostName" value="GMC-50350" /></log4net:properties></log4net:event>
<log4net:event logger="ChungCuNhaOXaHoi.SRV.Data.ChungCuDAC" timestamp="2019-05-10T15:52:58.1036084+07:00" level="ERROR" thread="141" domain="/LM/W3SVC/2/ROOT/ChungCuNhaOXaHoi-3-132019420527462348" username="IIS APPPOOL\SoXayDung_Service"><log4net:message>Class: ChungCuDAC, function: CC_CaiTao_InsUpdate: Input string was not in a correct format.</log4net:message><log4net:properties><log4net:data name="log4net:UserName" value="IIS APPPOOL\SoXayDung_Service" /><log4net:data name="log4net:Identity" value="" /><log4net:data name="log4net:HostName" value="GMC-50350" /></log4net:properties></log4net:event>
<log4net:event logger="ChungCuNhaOXaHoi.SRV.Data.ChungCuDAC" timestamp="2019-05-10T15:52:58.3545351+07:00" level="ERROR" thread="141" domain="/LM/W3SVC/2/ROOT/ChungCuNhaOXaHoi-3-132019420527462348" username="IIS APPPOOL\SoXayDung_Service"><log4net:message>Class: ChungCuDAC, function: CC_CaiTao_InsUpdate: Input string was not in a correct format.</log4net:message><log4net:properties><log4net:data name="log4net:UserName" value="IIS APPPOOL\SoXayDung_Service" /><log4net:data name="log4net:Identity" value="" /><log4net:data name="log4net:HostName" value="GMC-50350" /></log4net:properties></log4net:event>
<log4net:event logger="ChungCuNhaOXaHoi.SRV.Data.ChungCuDAC" timestamp="2019-05-10T15:52:58.6794399+07:00" level="ERROR" thread="13" domain="/LM/W3SVC/2/ROOT/ChungCuNhaOXaHoi-3-132019420527462348" username="IIS APPPOOL\SoXayDung_Service"><log4net:message>Class: ChungCuDAC, function: CC_CaiTao_InsUpdate: Input string was not in a correct format.</log4net:message><log4net:properties><log4net:data name="log4net:UserName" value="IIS APPPOOL\SoXayDung_Service" /><log4net:data name="log4net:Identity" value="" /><log4net:data name="log4net:HostName" value="GMC-50350" /></log4net:properties></log4net:event>
<log4net:event logger="ChungCuNhaOXaHoi.SRV.Data.ChungCuDAC" timestamp="2019-05-10T15:52:59.0225954+07:00" level="ERROR" thread="13" domain="/LM/W3SVC/2/ROOT/ChungCuNhaOXaHoi-3-132019420527462348" username="IIS APPPOOL\SoXayDung_Service"><log4net:message>Class: ChungCuDAC, function: CC_CaiTao_InsUpdate: Input string was not in a correct format.</log4net:message><log4net:properties><log4net:data name="log4net:UserName" value="IIS APPPOOL\SoXayDung_Service" /><log4net:data name="log4net:Identity" value="" /><log4net:data name="log4net:HostName" value="GMC-50350" /></log4net:properties></log4net:event>
<log4net:event logger="ChungCuNhaOXaHoi.SRV.Data.ChungCuDAC" timestamp="2019-05-10T15:53:26.9778183+07:00" level="ERROR" thread="13" domain="/LM/W3SVC/2/ROOT/ChungCuNhaOXaHoi-3-132019420527462348" username="IIS APPPOOL\SoXayDung_Service"><log4net:message>Class: ChungCuDAC, function: CC_CaiTao_InsUpdate: Input string was not in a correct format.</log4net:message><log4net:properties><log4net:data name="log4net:UserName" value="IIS APPPOOL\SoXayDung_Service" /><log4net:data name="log4net:Identity" value="" /><log4net:data name="log4net:HostName" value="GMC-50350" /></log4net:properties></log4net:event>
<log4net:event logger="ChungCuNhaOXaHoi.SRV.Data.ChungCuDAC" timestamp="2019-05-10T15:53:27.7081868+07:00" level="ERROR" thread="141" domain="/LM/W3SVC/2/ROOT/ChungCuNhaOXaHoi-3-132019420527462348" username="IIS APPPOOL\SoXayDung_Service"><log4net:message>Class: ChungCuDAC, function: CC_CaiTao_InsUpdate: Input string was not in a correct format.</log4net:message><log4net:properties><log4net:data name="log4net:UserName" value="IIS APPPOOL\SoXayDung_Service" /><log4net:data name="log4net:Identity" value="" /><log4net:data name="log4net:HostName" value="GMC-50350" /></log4net:properties></log4net:event>
<log4net:event logger="ChungCuNhaOXaHoi.SRV.Data.ChungCuDAC" timestamp="2019-05-10T15:53:28.0522202+07:00" level="ERROR" thread="13" domain="/LM/W3SVC/2/ROOT/ChungCuNhaOXaHoi-3-132019420527462348" username="IIS APPPOOL\SoXayDung_Service"><log4net:message>Class: ChungCuDAC, function: CC_CaiTao_InsUpdate: Input string was not in a correct format.</log4net:message><log4net:properties><log4net:data name="log4net:UserName" value="IIS APPPOOL\SoXayDung_Service" /><log4net:data name="log4net:Identity" value="" /><log4net:data name="log4net:HostName" value="GMC-50350" /></log4net:properties></log4net:event>
<log4net:event logger="ChungCuNhaOXaHoi.SRV.Data.ChungCuDAC" timestamp="2019-05-10T15:53:28.2823706+07:00" level="ERROR" thread="141" domain="/LM/W3SVC/2/ROOT/ChungCuNhaOXaHoi-3-132019420527462348" username="IIS APPPOOL\SoXayDung_Service"><log4net:message>Class: ChungCuDAC, function: CC_CaiTao_InsUpdate: Input string was not in a correct format.</log4net:message><log4net:properties><log4net:data name="log4net:UserName" value="IIS APPPOOL\SoXayDung_Service" /><log4net:data name="log4net:Identity" value="" /><log4net:data name="log4net:HostName" value="GMC-50350" /></log4net:properties></log4net:event>
<log4net:event logger="ChungCuNhaOXaHoi.SRV.Data.ChungCuDAC" timestamp="2019-05-10T15:53:28.8602459+07:00" level="ERROR" thread="13" domain="/LM/W3SVC/2/ROOT/ChungCuNhaOXaHoi-3-132019420527462348" username="IIS APPPOOL\SoXayDung_Service"><log4net:message>Class: ChungCuDAC, function: CC_CaiTao_InsUpdate: Input string was not in a correct format.</log4net:message><log4net:properties><log4net:data name="log4net:UserName" value="IIS APPPOOL\SoXayDung_Service" /><log4net:data name="log4net:Identity" value="" /><log4net:data name="log4net:HostName" value="GMC-50350" /></log4net:properties></log4net:event>
<log4net:event logger="ChungCuNhaOXaHoi.SRV.Data.ChungCuDAC" timestamp="2019-05-10T15:54:30.2752198+07:00" level="ERROR" thread="141" domain="/LM/W3SVC/2/ROOT/ChungCuNhaOXaHoi-3-132019420527462348" username="IIS APPPOOL\SoXayDung_Service"><log4net:message>Class: ChungCuDAC, function: CC_CaiTao_InsUpdate: Input string was not in a correct format.</log4net:message><log4net:properties><log4net:data name="log4net:UserName" value="IIS APPPOOL\SoXayDung_Service" /><log4net:data name="log4net:Identity" value="" /><log4net:data name="log4net:HostName" value="GMC-50350" /></log4net:properties></log4net:event>
