<log4net:event logger="ChungCuNhaOXaHoi.SRV.Data.ReportDAC" timestamp="2019-05-07T09:00:43.7330079+07:00" level="ERROR" thread="20" domain="/LM/W3SVC/2/ROOT/ChungCuNhaOXaHoi-3-132016680062100418" username="IIS APPPOOL\SoXayDung_Service"><log4net:message>The number of parameters does not match number of values for stored procedure.</log4net:message><log4net:properties><log4net:data name="log4net:UserName" value="IIS APPPOOL\SoXayDung_Service" /><log4net:data name="log4net:Identity" value="" /><log4net:data name="log4net:HostName" value="GMC-50350" /></log4net:properties></log4net:event>
<log4net:event logger="ChungCuNhaOXaHoi.SRV.Data.ReportDAC" timestamp="2019-05-07T09:47:12.6272794+07:00" level="ERROR" thread="95" domain="/LM/W3SVC/2/ROOT/ChungCuNhaOXaHoi-6-132016706215095152" username="IIS APPPOOL\SoXayDung_Service"><log4net:message>The number of parameters does not match number of values for stored procedure.</log4net:message><log4net:properties><log4net:data name="log4net:UserName" value="IIS APPPOOL\SoXayDung_Service" /><log4net:data name="log4net:Identity" value="" /><log4net:data name="log4net:HostName" value="GMC-50350" /></log4net:properties></log4net:event>
<log4net:event logger="ChungCuNhaOXaHoi.SRV.Data.ReportDAC" timestamp="2019-05-07T09:57:10.8935694+07:00" level="ERROR" thread="95" domain="/LM/W3SVC/2/ROOT/ChungCuNhaOXaHoi-6-132016706215095152" username="IIS APPPOOL\SoXayDung_Service"><log4net:message>The number of parameters does not match number of values for stored procedure.</log4net:message><log4net:properties><log4net:data name="log4net:UserName" value="IIS APPPOOL\SoXayDung_Service" /><log4net:data name="log4net:Identity" value="" /><log4net:data name="log4net:HostName" value="GMC-50350" /></log4net:properties></log4net:event>
<log4net:event logger="ChungCuNhaOXaHoi.SRV.Data.ReportDAC" timestamp="2019-05-07T10:44:10.1989904+07:00" level="ERROR" thread="95" domain="/LM/W3SVC/2/ROOT/ChungCuNhaOXaHoi-6-132016706215095152" username="IIS APPPOOL\SoXayDung_Service"><log4net:message>The number of parameters does not match number of values for stored procedure.</log4net:message><log4net:properties><log4net:data name="log4net:UserName" value="IIS APPPOOL\SoXayDung_Service" /><log4net:data name="log4net:Identity" value="" /><log4net:data name="log4net:HostName" value="GMC-50350" /></log4net:properties></log4net:event>
