<log4net:event logger="ChungCuNhaOXaHoi.SRV.Data.NhaOXaHoiDAC" timestamp="2019-06-04T11:33:18.9951401+07:00" level="ERROR" thread="1" domain="/LM/W3SVC/2/ROOT/ChungCuNhaOXaHoi-3-132040863159919252" username="IIS APPPOOL\SoXayDung_Service"><log4net:message>function: NOXH_PheDuyetThueMua_UpdateTinhTrang: Error parsing column 5 (NhomDoiTuongID=7|10|5 - String)</log4net:message><log4net:properties><log4net:data name="log4net:UserName" value="IIS APPPOOL\SoXayDung_Service" /><log4net:data name="log4net:Identity" value="" /><log4net:data name="log4net:HostName" value="GMC-50350" /></log4net:properties></log4net:event>
<log4net:event logger="ChungCuNhaOXaHoi.SRV.Data.NhaOXaHoiDAC" timestamp="2019-06-04T11:42:09.4331155+07:00" level="ERROR" thread="13" domain="/LM/W3SVC/2/ROOT/ChungCuNhaOXaHoi-3-132040863159919252" username="IIS APPPOOL\SoXayDung_Service"><log4net:message>function: NOXH_PheDuyetThueMua_UpdateTinhTrang: Error parsing column 5 (NhomDoiTuongID=7|10|5 - String)</log4net:message><log4net:properties><log4net:data name="log4net:UserName" value="IIS APPPOOL\SoXayDung_Service" /><log4net:data name="log4net:Identity" value="" /><log4net:data name="log4net:HostName" value="GMC-50350" /></log4net:properties></log4net:event>
<log4net:event logger="ChungCuNhaOXaHoi.SRV.Data.NhaOXaHoiDAC" timestamp="2019-06-04T11:42:13.9090524+07:00" level="ERROR" thread="139" domain="/LM/W3SVC/2/ROOT/ChungCuNhaOXaHoi-3-132040863159919252" username="IIS APPPOOL\SoXayDung_Service"><log4net:message>function: NOXH_PheDuyetThueMua_UpdateTinhTrang: Error parsing column 5 (NhomDoiTuongID=7|10|5 - String)</log4net:message><log4net:properties><log4net:data name="log4net:UserName" value="IIS APPPOOL\SoXayDung_Service" /><log4net:data name="log4net:Identity" value="" /><log4net:data name="log4net:HostName" value="GMC-50350" /></log4net:properties></log4net:event>
<log4net:event logger="ChungCuNhaOXaHoi.SRV.Data.NhaOXaHoiDAC" timestamp="2019-06-04T11:44:08.5337964+07:00" level="ERROR" thread="13" domain="/LM/W3SVC/2/ROOT/ChungCuNhaOXaHoi-3-132040863159919252" username="IIS APPPOOL\SoXayDung_Service"><log4net:message>function: NOXH_PheDuyetThueMua_UpdateTinhTrang: Error parsing column 5 (NhomDoiTuongID=7|10|5 - String)</log4net:message><log4net:properties><log4net:data name="log4net:UserName" value="IIS APPPOOL\SoXayDung_Service" /><log4net:data name="log4net:Identity" value="" /><log4net:data name="log4net:HostName" value="GMC-50350" /></log4net:properties></log4net:event>
<log4net:event logger="ChungCuNhaOXaHoi.SRV.Data.NhaOXaHoiDAC" timestamp="2019-06-04T11:44:14.7496498+07:00" level="ERROR" thread="13" domain="/LM/W3SVC/2/ROOT/ChungCuNhaOXaHoi-3-132040863159919252" username="IIS APPPOOL\SoXayDung_Service"><log4net:message>function: NOXH_PheDuyetThueMua_UpdateTinhTrang: Error parsing column 5 (NhomDoiTuongID=7|10|5 - String)</log4net:message><log4net:properties><log4net:data name="log4net:UserName" value="IIS APPPOOL\SoXayDung_Service" /><log4net:data name="log4net:Identity" value="" /><log4net:data name="log4net:HostName" value="GMC-50350" /></log4net:properties></log4net:event>
<log4net:event logger="ChungCuNhaOXaHoi.SRV.Data.NhaOXaHoiDAC" timestamp="2019-06-04T11:44:23.5960294+07:00" level="ERROR" thread="139" domain="/LM/W3SVC/2/ROOT/ChungCuNhaOXaHoi-3-132040863159919252" username="IIS APPPOOL\SoXayDung_Service"><log4net:message>function: NOXH_PheDuyetThueMua_UpdateTinhTrang: Error parsing column 5 (NhomDoiTuongID=7|10|5 - String)</log4net:message><log4net:properties><log4net:data name="log4net:UserName" value="IIS APPPOOL\SoXayDung_Service" /><log4net:data name="log4net:Identity" value="" /><log4net:data name="log4net:HostName" value="GMC-50350" /></log4net:properties></log4net:event>
<log4net:event logger="ChungCuNhaOXaHoi.SRV.Data.NhaOXaHoiDAC" timestamp="2019-06-04T11:46:43.3867749+07:00" level="ERROR" thread="139" domain="/LM/W3SVC/2/ROOT/ChungCuNhaOXaHoi-3-132040863159919252" username="IIS APPPOOL\SoXayDung_Service"><log4net:message>function: NOXH_PheDuyetThueMua_UpdateTinhTrang: Error parsing column 5 (NhomDoiTuongID=7|10|5 - String)</log4net:message><log4net:properties><log4net:data name="log4net:UserName" value="IIS APPPOOL\SoXayDung_Service" /><log4net:data name="log4net:Identity" value="" /><log4net:data name="log4net:HostName" value="GMC-50350" /></log4net:properties></log4net:event>
<log4net:event logger="ChungCuNhaOXaHoi.SRV.Data.NhaOXaHoiDAC" timestamp="2019-06-04T11:46:55.7130888+07:00" level="ERROR" thread="139" domain="/LM/W3SVC/2/ROOT/ChungCuNhaOXaHoi-3-132040863159919252" username="IIS APPPOOL\SoXayDung_Service"><log4net:message>function: NOXH_PheDuyetThueMua_UpdateTinhTrang: Error parsing column 5 (NhomDoiTuongID=7|10|5 - String)</log4net:message><log4net:properties><log4net:data name="log4net:UserName" value="IIS APPPOOL\SoXayDung_Service" /><log4net:data name="log4net:Identity" value="" /><log4net:data name="log4net:HostName" value="GMC-50350" /></log4net:properties></log4net:event>
<log4net:event logger="ChungCuNhaOXaHoi.SRV.Data.NhaOXaHoiDAC" timestamp="2019-06-04T13:13:33.1685946+07:00" level="ERROR" thread="21" domain="/LM/W3SVC/2/ROOT/ChungCuNhaOXaHoi-3-132041023749987526" username="IIS APPPOOL\SoXayDung_Service"><log4net:message>function: NOXH_PheDuyetThueMua_UpdateTinhTrang: Error parsing column 5 (NhomDoiTuongID=7|10|5 - String)</log4net:message><log4net:properties><log4net:data name="log4net:UserName" value="IIS APPPOOL\SoXayDung_Service" /><log4net:data name="log4net:Identity" value="" /><log4net:data name="log4net:HostName" value="GMC-50350" /></log4net:properties></log4net:event>
<log4net:event logger="ChungCuNhaOXaHoi.SRV.Data.NhaOXaHoiDAC" timestamp="2019-06-04T13:13:39.6350629+07:00" level="ERROR" thread="21" domain="/LM/W3SVC/2/ROOT/ChungCuNhaOXaHoi-3-132041023749987526" username="IIS APPPOOL\SoXayDung_Service"><log4net:message>function: NOXH_PheDuyetThueMua_UpdateTinhTrang: Error parsing column 5 (NhomDoiTuongID=7|10|5 - String)</log4net:message><log4net:properties><log4net:data name="log4net:UserName" value="IIS APPPOOL\SoXayDung_Service" /><log4net:data name="log4net:Identity" value="" /><log4net:data name="log4net:HostName" value="GMC-50350" /></log4net:properties></log4net:event>
<log4net:event logger="ChungCuNhaOXaHoi.SRV.Data.NhaOXaHoiDAC" timestamp="2019-06-04T13:13:40.0123918+07:00" level="ERROR" thread="21" domain="/LM/W3SVC/2/ROOT/ChungCuNhaOXaHoi-3-132041023749987526" username="IIS APPPOOL\SoXayDung_Service"><log4net:message>function: NOXH_PheDuyetThueMua_UpdateTinhTrang: Error parsing column 5 (NhomDoiTuongID=7|10|5 - String)</log4net:message><log4net:properties><log4net:data name="log4net:UserName" value="IIS APPPOOL\SoXayDung_Service" /><log4net:data name="log4net:Identity" value="" /><log4net:data name="log4net:HostName" value="GMC-50350" /></log4net:properties></log4net:event>
<log4net:event logger="ChungCuNhaOXaHoi.SRV.Data.NhaOXaHoiDAC" timestamp="2019-06-04T13:13:44.2109047+07:00" level="ERROR" thread="21" domain="/LM/W3SVC/2/ROOT/ChungCuNhaOXaHoi-3-132041023749987526" username="IIS APPPOOL\SoXayDung_Service"><log4net:message>function: NOXH_PheDuyetThueMua_UpdateTinhTrang: Error parsing column 5 (NhomDoiTuongID=7|10|5 - String)</log4net:message><log4net:properties><log4net:data name="log4net:UserName" value="IIS APPPOOL\SoXayDung_Service" /><log4net:data name="log4net:Identity" value="" /><log4net:data name="log4net:HostName" value="GMC-50350" /></log4net:properties></log4net:event>
<log4net:event logger="ChungCuNhaOXaHoi.SRV.Data.NhaOXaHoiDAC" timestamp="2019-06-04T13:13:44.4208401+07:00" level="ERROR" thread="21" domain="/LM/W3SVC/2/ROOT/ChungCuNhaOXaHoi-3-132041023749987526" username="IIS APPPOOL\SoXayDung_Service"><log4net:message>function: NOXH_PheDuyetThueMua_UpdateTinhTrang: Error parsing column 5 (NhomDoiTuongID=7|10|5 - String)</log4net:message><log4net:properties><log4net:data name="log4net:UserName" value="IIS APPPOOL\SoXayDung_Service" /><log4net:data name="log4net:Identity" value="" /><log4net:data name="log4net:HostName" value="GMC-50350" /></log4net:properties></log4net:event>
<log4net:event logger="ChungCuNhaOXaHoi.SRV.Data.NhaOXaHoiDAC" timestamp="2019-06-04T13:16:28.0415137+07:00" level="ERROR" thread="13" domain="/LM/W3SVC/2/ROOT/ChungCuNhaOXaHoi-3-132041023749987526" username="IIS APPPOOL\SoXayDung_Service"><log4net:message>function: NOXH_PheDuyetThueMua_UpdateTinhTrang: Error parsing column 5 (NhomDoiTuongID=7|10|5 - String)</log4net:message><log4net:properties><log4net:data name="log4net:UserName" value="IIS APPPOOL\SoXayDung_Service" /><log4net:data name="log4net:Identity" value="" /><log4net:data name="log4net:HostName" value="GMC-50350" /></log4net:properties></log4net:event>
