<log4net:event logger="ChungCuNhaOXaHoi.SRV.Data.ReportDAC" timestamp="2019-05-06T16:28:04.3280643+07:00" level="ERROR" thread="10" domain="/LM/W3SVC/2/ROOT/ChungCuNhaOXaHoi-3-132016084713062032" username="IIS APPPOOL\SoXayDung_Service"><log4net:message>Failed to convert parameter value from a String to a Double.</log4net:message><log4net:properties><log4net:data name="log4net:UserName" value="IIS APPPOOL\SoXayDung_Service" /><log4net:data name="log4net:Identity" value="" /><log4net:data name="log4net:HostName" value="GMC-50350" /></log4net:properties></log4net:event>
<log4net:event logger="ChungCuNhaOXaHoi.SRV.Data.ReportDAC" timestamp="2019-05-06T16:28:47.7457317+07:00" level="ERROR" thread="21" domain="/LM/W3SVC/2/ROOT/ChungCuNhaOXaHoi-3-132016084713062032" username="IIS APPPOOL\SoXayDung_Service"><log4net:message>Failed to convert parameter value from a String to a Double.</log4net:message><log4net:properties><log4net:data name="log4net:UserName" value="IIS APPPOOL\SoXayDung_Service" /><log4net:data name="log4net:Identity" value="" /><log4net:data name="log4net:HostName" value="GMC-50350" /></log4net:properties></log4net:event>
<log4net:event logger="ChungCuNhaOXaHoi.SRV.Data.ReportDAC" timestamp="2019-05-06T16:29:56.7123857+07:00" level="ERROR" thread="22" domain="/LM/W3SVC/2/ROOT/ChungCuNhaOXaHoi-3-132016084713062032" username="IIS APPPOOL\SoXayDung_Service"><log4net:message>Failed to convert parameter value from a String to a Double.</log4net:message><log4net:properties><log4net:data name="log4net:UserName" value="IIS APPPOOL\SoXayDung_Service" /><log4net:data name="log4net:Identity" value="" /><log4net:data name="log4net:HostName" value="GMC-50350" /></log4net:properties></log4net:event>
<log4net:event logger="ChungCuNhaOXaHoi.SRV.Data.ReportDAC" timestamp="2019-05-06T16:30:28.045786+07:00" level="ERROR" thread="24" domain="/LM/W3SVC/2/ROOT/ChungCuNhaOXaHoi-3-132016084713062032" username="IIS APPPOOL\SoXayDung_Service"><log4net:message>Failed to convert parameter value from a String to a Double.</log4net:message><log4net:properties><log4net:data name="log4net:UserName" value="IIS APPPOOL\SoXayDung_Service" /><log4net:data name="log4net:Identity" value="" /><log4net:data name="log4net:HostName" value="GMC-50350" /></log4net:properties></log4net:event>
<log4net:event logger="ChungCuNhaOXaHoi.SRV.Data.ReportDAC" timestamp="2019-05-06T16:32:51.1401542+07:00" level="ERROR" thread="31" domain="/LM/W3SVC/2/ROOT/ChungCuNhaOXaHoi-3-132016084713062032" username="IIS APPPOOL\SoXayDung_Service"><log4net:message>Failed to convert parameter value from a String to a Double.</log4net:message><log4net:properties><log4net:data name="log4net:UserName" value="IIS APPPOOL\SoXayDung_Service" /><log4net:data name="log4net:Identity" value="" /><log4net:data name="log4net:HostName" value="GMC-50350" /></log4net:properties></log4net:event>
<log4net:event logger="ChungCuNhaOXaHoi.SRV.Data.ReportDAC" timestamp="2019-05-06T16:34:42.5173905+07:00" level="ERROR" thread="13" domain="/LM/W3SVC/2/ROOT/ChungCuNhaOXaHoi-3-132016084713062032" username="IIS APPPOOL\SoXayDung_Service"><log4net:message>Failed to convert parameter value from a String to a Double.</log4net:message><log4net:properties><log4net:data name="log4net:UserName" value="IIS APPPOOL\SoXayDung_Service" /><log4net:data name="log4net:Identity" value="" /><log4net:data name="log4net:HostName" value="GMC-50350" /></log4net:properties></log4net:event>
<log4net:event logger="ChungCuNhaOXaHoi.SRV.Data.ReportDAC" timestamp="2019-05-06T16:44:20.0871702+07:00" level="ERROR" thread="31" domain="/LM/W3SVC/2/ROOT/ChungCuNhaOXaHoi-3-132016084713062032" username="IIS APPPOOL\SoXayDung_Service"><log4net:message>Failed to convert parameter value from a String to a Double.</log4net:message><log4net:properties><log4net:data name="log4net:UserName" value="IIS APPPOOL\SoXayDung_Service" /><log4net:data name="log4net:Identity" value="" /><log4net:data name="log4net:HostName" value="GMC-50350" /></log4net:properties></log4net:event>
<log4net:event logger="ChungCuNhaOXaHoi.SRV.Data.ReportDAC" timestamp="2019-05-06T16:47:19.3465135+07:00" level="ERROR" thread="13" domain="/LM/W3SVC/2/ROOT/ChungCuNhaOXaHoi-3-132016084713062032" username="IIS APPPOOL\SoXayDung_Service"><log4net:message>Failed to convert parameter value from a String to a Double.</log4net:message><log4net:properties><log4net:data name="log4net:UserName" value="IIS APPPOOL\SoXayDung_Service" /><log4net:data name="log4net:Identity" value="" /><log4net:data name="log4net:HostName" value="GMC-50350" /></log4net:properties></log4net:event>
<log4net:event logger="ChungCuNhaOXaHoi.SRV.Data.ReportDAC" timestamp="2019-05-06T16:48:30.1908849+07:00" level="ERROR" thread="95" domain="/LM/W3SVC/2/ROOT/ChungCuNhaOXaHoi-3-132016084713062032" username="IIS APPPOOL\SoXayDung_Service"><log4net:message>Failed to convert parameter value from a String to a Double.</log4net:message><log4net:properties><log4net:data name="log4net:UserName" value="IIS APPPOOL\SoXayDung_Service" /><log4net:data name="log4net:Identity" value="" /><log4net:data name="log4net:HostName" value="GMC-50350" /></log4net:properties></log4net:event>
