<log4net:event logger="ChapThuanDauTu.SRV.Data.QuanLyDauTuDAC" timestamp="2019-11-28T11:17:39.5967113+07:00" level="ERROR" thread="99" domain="/LM/W3SVC/2/ROOT/ChapThuanDauTu-6-132193881680705507" username="IIS APPPOOL\SoXayDung_Service"><log4net:message>Class: ChapThuanDauTuDAC, function: sp_QLCHATLUONGCONGTRINH_InsUpdateDel: @IsLoaiDieuChinh is not a parameter for procedure sp_QLDauTu_InsUpdateDel.</log4net:message><log4net:properties><log4net:data name="log4net:UserName" value="IIS APPPOOL\SoXayDung_Service" /><log4net:data name="log4net:Identity" value="" /><log4net:data name="log4net:HostName" value="GMC-50350" /></log4net:properties></log4net:event>
<log4net:event logger="ChapThuanDauTu.SRV.Data.QuanLyDauTuDAC" timestamp="2019-11-28T11:18:16.2977252+07:00" level="ERROR" thread="95" domain="/LM/W3SVC/2/ROOT/ChapThuanDauTu-7-132193882949772870" username="IIS APPPOOL\SoXayDung_Service"><log4net:message>Class: ChapThuanDauTuDAC, function: sp_QLCHATLUONGCONGTRINH_InsUpdateDel: @IsLoaiDieuChinh is not a parameter for procedure sp_QLDauTu_InsUpdateDel.</log4net:message><log4net:properties><log4net:data name="log4net:UserName" value="IIS APPPOOL\SoXayDung_Service" /><log4net:data name="log4net:Identity" value="" /><log4net:data name="log4net:HostName" value="GMC-50350" /></log4net:properties></log4net:event>
<log4net:event logger="ChapThuanDauTu.SRV.Data.QuanLyDauTuDAC" timestamp="2019-11-28T11:20:35.1628396+07:00" level="ERROR" thread="120" domain="/LM/W3SVC/2/ROOT/ChapThuanDauTu-7-132193882949772870" username="IIS APPPOOL\SoXayDung_Service"><log4net:message>Class: ChapThuanDauTuDAC, function: sp_QLCHATLUONGCONGTRINH_InsUpdateDel: @IsLoaiDieuChinh is not a parameter for procedure sp_QLDauTu_InsUpdateDel.</log4net:message><log4net:properties><log4net:data name="log4net:UserName" value="IIS APPPOOL\SoXayDung_Service" /><log4net:data name="log4net:Identity" value="" /><log4net:data name="log4net:HostName" value="GMC-50350" /></log4net:properties></log4net:event>
