<log4net:event logger="QuanLyCLCT.SRV.Data.ChungCuDAC" timestamp="2019-10-30T09:37:10.4013737+07:00" level="ERROR" thread="15" domain="/LM/W3SVC/2/ROOT/QuanLyCLCT-3-132168766292730692" username="IIS APPPOOL\SoXayDung_Service"><log4net:message>Class: QuanLyCLCTDAC, function: QLCL_Search_LstByCondition: Failed to convert parameter value from a String to a Int32.</log4net:message><log4net:properties><log4net:data name="log4net:UserName" value="IIS APPPOOL\SoXayDung_Service" /><log4net:data name="log4net:Identity" value="" /><log4net:data name="log4net:HostName" value="GMC-50350" /></log4net:properties></log4net:event>
<log4net:event logger="QuanLyCLCT.SRV.Data.ChungCuDAC" timestamp="2019-10-30T09:39:36.7221299+07:00" level="ERROR" thread="13" domain="/LM/W3SVC/2/ROOT/QuanLyCLCT-3-132168766292730692" username="IIS APPPOOL\SoXayDung_Service"><log4net:message>Class: QuanLyCLCTDAC, function: QLCL_Search_LstByCondition: Failed to convert parameter value from a String to a Int32.</log4net:message><log4net:properties><log4net:data name="log4net:UserName" value="IIS APPPOOL\SoXayDung_Service" /><log4net:data name="log4net:Identity" value="" /><log4net:data name="log4net:HostName" value="GMC-50350" /></log4net:properties></log4net:event>
<log4net:event logger="QuanLyCLCT.SRV.Data.ChungCuDAC" timestamp="2019-10-30T09:43:54.7204648+07:00" level="ERROR" thread="13" domain="/LM/W3SVC/2/ROOT/QuanLyCLCT-3-132168766292730692" username="IIS APPPOOL\SoXayDung_Service"><log4net:message>Class: QuanLyCLCTDAC, function: QLCL_Search_LstByCondition: Failed to convert parameter value from a String to a Int32.</log4net:message><log4net:properties><log4net:data name="log4net:UserName" value="IIS APPPOOL\SoXayDung_Service" /><log4net:data name="log4net:Identity" value="" /><log4net:data name="log4net:HostName" value="GMC-50350" /></log4net:properties></log4net:event>
<log4net:event logger="QuanLyCLCT.SRV.Data.ChungCuDAC" timestamp="2019-10-30T09:45:17.6891246+07:00" level="ERROR" thread="32" domain="/LM/W3SVC/2/ROOT/QuanLyCLCT-3-132168766292730692" username="IIS APPPOOL\SoXayDung_Service"><log4net:message>Class: QuanLyCLCTDAC, function: QLCL_Search_LstByCondition: Failed to convert parameter value from a String to a Int32.</log4net:message><log4net:properties><log4net:data name="log4net:UserName" value="IIS APPPOOL\SoXayDung_Service" /><log4net:data name="log4net:Identity" value="" /><log4net:data name="log4net:HostName" value="GMC-50350" /></log4net:properties></log4net:event>
<log4net:event logger="QuanLyCLCT.SRV.Data.ChungCuDAC" timestamp="2019-10-30T09:49:24.4302901+07:00" level="ERROR" thread="15" domain="/LM/W3SVC/2/ROOT/QuanLyCLCT-3-132168766292730692" username="IIS APPPOOL\SoXayDung_Service"><log4net:message>Class: QuanLyCLCTDAC, function: QLCL_Search_LstByCondition: Failed to convert parameter value from a String to a Int32.</log4net:message><log4net:properties><log4net:data name="log4net:UserName" value="IIS APPPOOL\SoXayDung_Service" /><log4net:data name="log4net:Identity" value="" /><log4net:data name="log4net:HostName" value="GMC-50350" /></log4net:properties></log4net:event>
<log4net:event logger="QuanLyCLCT.SRV.Data.ChungCuDAC" timestamp="2019-10-30T09:49:30.5765636+07:00" level="ERROR" thread="15" domain="/LM/W3SVC/2/ROOT/QuanLyCLCT-3-132168766292730692" username="IIS APPPOOL\SoXayDung_Service"><log4net:message>Class: QuanLyCLCTDAC, function: QLCL_Search_LstByCondition: Failed to convert parameter value from a String to a Int32.</log4net:message><log4net:properties><log4net:data name="log4net:UserName" value="IIS APPPOOL\SoXayDung_Service" /><log4net:data name="log4net:Identity" value="" /><log4net:data name="log4net:HostName" value="GMC-50350" /></log4net:properties></log4net:event>
<log4net:event logger="QuanLyCLCT.SRV.Data.ChungCuDAC" timestamp="2019-10-30T09:50:06.854711+07:00" level="ERROR" thread="15" domain="/LM/W3SVC/2/ROOT/QuanLyCLCT-3-132168766292730692" username="IIS APPPOOL\SoXayDung_Service"><log4net:message>Class: QuanLyCLCTDAC, function: QLCL_Search_LstByCondition: Failed to convert parameter value from a String to a Int32.</log4net:message><log4net:properties><log4net:data name="log4net:UserName" value="IIS APPPOOL\SoXayDung_Service" /><log4net:data name="log4net:Identity" value="" /><log4net:data name="log4net:HostName" value="GMC-50350" /></log4net:properties></log4net:event>
<log4net:event logger="QuanLyCLCT.SRV.Data.FileGeneralDAC" timestamp="2019-10-30T14:27:03.7355651+07:00" level="ERROR" thread="190" domain="/LM/W3SVC/2/ROOT/QuanLyCLCT-3-132168895597041108" username="IIS APPPOOL\SoXayDung_Service"><log4net:message>Could not find stored procedure 'CC_File_ins'.</log4net:message><log4net:properties><log4net:data name="log4net:UserName" value="IIS APPPOOL\SoXayDung_Service" /><log4net:data name="log4net:Identity" value="" /><log4net:data name="log4net:HostName" value="GMC-50350" /></log4net:properties></log4net:event>
<log4net:event logger="QuanLyCLCT.SRV.Data.FileGeneralDAC" timestamp="2019-10-30T14:28:46.4651303+07:00" level="ERROR" thread="114" domain="/LM/W3SVC/2/ROOT/QuanLyCLCT-3-132168895597041108" username="IIS APPPOOL\SoXayDung_Service"><log4net:message>Could not find stored procedure 'CC_File_ins'.</log4net:message><log4net:properties><log4net:data name="log4net:UserName" value="IIS APPPOOL\SoXayDung_Service" /><log4net:data name="log4net:Identity" value="" /><log4net:data name="log4net:HostName" value="GMC-50350" /></log4net:properties></log4net:event>
<log4net:event logger="QuanLyCLCT.SRV.Data.FileGeneralDAC" timestamp="2019-10-30T14:31:47.8498993+07:00" level="ERROR" thread="114" domain="/LM/W3SVC/2/ROOT/QuanLyCLCT-3-132168895597041108" username="IIS APPPOOL\SoXayDung_Service"><log4net:message>Could not find stored procedure 'CC_File_ins'.</log4net:message><log4net:properties><log4net:data name="log4net:UserName" value="IIS APPPOOL\SoXayDung_Service" /><log4net:data name="log4net:Identity" value="" /><log4net:data name="log4net:HostName" value="GMC-50350" /></log4net:properties></log4net:event>
<log4net:event logger="QuanLyCLCT.SRV.Data.FileGeneralDAC" timestamp="2019-10-30T14:39:38.034056+07:00" level="ERROR" thread="124" domain="/LM/W3SVC/2/ROOT/QuanLyCLCT-4-132168945488938477" username="IIS APPPOOL\SoXayDung_Service"><log4net:message>Invalid object name 'E_FileTable'.</log4net:message><log4net:properties><log4net:data name="log4net:UserName" value="IIS APPPOOL\SoXayDung_Service" /><log4net:data name="log4net:Identity" value="" /><log4net:data name="log4net:HostName" value="GMC-50350" /></log4net:properties></log4net:event>
