<log4net:event logger="ChungCuNhaOXaHoi.SRV.Data.DanhMucDongCCDAC" timestamp="2019-05-28T08:53:16.2024859+07:00" level="ERROR" thread="1" domain="/LM/W3SVC/2/ROOT/ChungCuNhaOXaHoi-3-132034814783765143" username="IIS APPPOOL\SoXayDung_Service"><log4net:message>The number of parameters does not match number of values for stored procedure.</log4net:message><log4net:properties><log4net:data name="log4net:UserName" value="IIS APPPOOL\SoXayDung_Service" /><log4net:data name="log4net:Identity" value="" /><log4net:data name="log4net:HostName" value="GMC-50350" /></log4net:properties></log4net:event>
<log4net:event logger="ChungCuNhaOXaHoi.SRV.Data.DanhMucDongCCDAC" timestamp="2019-05-28T08:59:39.5099083+07:00" level="ERROR" thread="1" domain="/LM/W3SVC/2/ROOT/ChungCuNhaOXaHoi-3-132034814783765143" username="IIS APPPOOL\SoXayDung_Service"><log4net:message>The stored procedure 'sp_LoaiChiPhi_Lst' doesn't exist.</log4net:message><log4net:properties><log4net:data name="log4net:UserName" value="IIS APPPOOL\SoXayDung_Service" /><log4net:data name="log4net:Identity" value="" /><log4net:data name="log4net:HostName" value="GMC-50350" /></log4net:properties></log4net:event>
<log4net:event logger="ChungCuNhaOXaHoi.SRV.Data.DanhMucDongCCDAC" timestamp="2019-05-28T09:00:06.9875385+07:00" level="ERROR" thread="1" domain="/LM/W3SVC/2/ROOT/ChungCuNhaOXaHoi-3-132034814783765143" username="IIS APPPOOL\SoXayDung_Service"><log4net:message>The stored procedure 'sp_LoaiChiPhi_Lst' doesn't exist.</log4net:message><log4net:properties><log4net:data name="log4net:UserName" value="IIS APPPOOL\SoXayDung_Service" /><log4net:data name="log4net:Identity" value="" /><log4net:data name="log4net:HostName" value="GMC-50350" /></log4net:properties></log4net:event>
<log4net:event logger="ChungCuNhaOXaHoi.SRV.Data.DanhMucDongCCDAC" timestamp="2019-05-28T09:00:13.7126454+07:00" level="ERROR" thread="1" domain="/LM/W3SVC/2/ROOT/ChungCuNhaOXaHoi-3-132034814783765143" username="IIS APPPOOL\SoXayDung_Service"><log4net:message>The stored procedure 'sp_LoaiChiPhi_Lst' doesn't exist.</log4net:message><log4net:properties><log4net:data name="log4net:UserName" value="IIS APPPOOL\SoXayDung_Service" /><log4net:data name="log4net:Identity" value="" /><log4net:data name="log4net:HostName" value="GMC-50350" /></log4net:properties></log4net:event>
<log4net:event logger="ChungCuNhaOXaHoi.SRV.Data.DanhMucDongCCDAC" timestamp="2019-05-28T09:03:00.3606326+07:00" level="ERROR" thread="8" domain="/LM/W3SVC/2/ROOT/ChungCuNhaOXaHoi-3-132034814783765143" username="IIS APPPOOL\SoXayDung_Service"><log4net:message>The stored procedure 'sp_LoaiCongTrinh_Lst' doesn't exist.</log4net:message><log4net:properties><log4net:data name="log4net:UserName" value="IIS APPPOOL\SoXayDung_Service" /><log4net:data name="log4net:Identity" value="" /><log4net:data name="log4net:HostName" value="GMC-50350" /></log4net:properties></log4net:event>
<log4net:event logger="ChungCuNhaOXaHoi.SRV.Data.DanhMucDongCCDAC" timestamp="2019-05-28T09:05:59.7670835+07:00" level="ERROR" thread="8" domain="/LM/W3SVC/2/ROOT/ChungCuNhaOXaHoi-3-132034814783765143" username="IIS APPPOOL\SoXayDung_Service"><log4net:message>The stored procedure 'sp_LoaiBanDo_Lst' doesn't exist.</log4net:message><log4net:properties><log4net:data name="log4net:UserName" value="IIS APPPOOL\SoXayDung_Service" /><log4net:data name="log4net:Identity" value="" /><log4net:data name="log4net:HostName" value="GMC-50350" /></log4net:properties></log4net:event>
<log4net:event logger="ChungCuNhaOXaHoi.SRV.Data.ChungCuDAC" timestamp="2019-05-28T15:47:32.3258552+07:00" level="ERROR" thread="90" domain="/LM/W3SVC/2/ROOT/ChungCuNhaOXaHoi-3-132034970206661736" username="IIS APPPOOL\SoXayDung_Service"><log4net:message>Class: ChungCuDAC, function: CC_CaiTao_InsUpdate: Failed to convert parameter value from a Int32 to a Int16.</log4net:message><log4net:properties><log4net:data name="log4net:UserName" value="IIS APPPOOL\SoXayDung_Service" /><log4net:data name="log4net:Identity" value="" /><log4net:data name="log4net:HostName" value="GMC-50350" /></log4net:properties></log4net:event>
