<log4net:event logger="ChapThuanDauTu.SRV.Data.QuanLyDauTuDAC" timestamp="2019-11-18T08:38:25.4959533+07:00" level="ERROR" thread="33" domain="/LM/W3SVC/2/ROOT/ChapThuanDauTu-3-132185147041228028" username="IIS APPPOOL\SoXayDung_Service"><log4net:message>Class: ChapThuanDauTuDAC, function: QLDT_GetAllByID: Invalid column name 'URL_FILEChapThuanCTDauTu'.
Invalid column name 'FILEChapThuanCTDauTu'.
Invalid column name 'URL_FILEQuanLyChuDauTu'.
Invalid column name 'FILEQuanLyChuDauTu'.
Invalid column name 'URL_FILEChapThuanDauTu'.
Invalid column name 'FILEChapThuanDauTu'.</log4net:message><log4net:properties><log4net:data name="log4net:UserName" value="IIS APPPOOL\SoXayDung_Service" /><log4net:data name="log4net:Identity" value="" /><log4net:data name="log4net:HostName" value="GMC-50350" /></log4net:properties></log4net:event>
<log4net:event logger="ChapThuanDauTu.SRV.Data.QuanLyDauTuDAC" timestamp="2019-11-18T08:48:46.2280161+07:00" level="ERROR" thread="40" domain="/LM/W3SVC/2/ROOT/ChapThuanDauTu-5-132185153249877618" username="IIS APPPOOL\SoXayDung_Service"><log4net:message>Class: ChapThuanDauTuDAC, function: QLDT_GetAllByID: Invalid column name 'URL_FILEChapThuanCTDauTu'.
Invalid column name 'FILEChapThuanCTDauTu'.
Invalid column name 'URL_FILEQuanLyChuDauTu'.
Invalid column name 'FILEQuanLyChuDauTu'.
Invalid column name 'URL_FILEChapThuanDauTu'.
Invalid column name 'FILEChapThuanDauTu'.</log4net:message><log4net:properties><log4net:data name="log4net:UserName" value="IIS APPPOOL\SoXayDung_Service" /><log4net:data name="log4net:Identity" value="" /><log4net:data name="log4net:HostName" value="GMC-50350" /></log4net:properties></log4net:event>
<log4net:event logger="ChapThuanDauTu.SRV.Data.QuanLyDauTuDAC" timestamp="2019-11-18T08:49:13.013796+07:00" level="ERROR" thread="40" domain="/LM/W3SVC/2/ROOT/ChapThuanDauTu-5-132185153249877618" username="IIS APPPOOL\SoXayDung_Service"><log4net:message>Class: ChapThuanDauTuDAC, function: QLDT_GetAllByID: Invalid column name 'URL_FILEChapThuanCTDauTu'.
Invalid column name 'FILEChapThuanCTDauTu'.
Invalid column name 'URL_FILEQuanLyChuDauTu'.
Invalid column name 'FILEQuanLyChuDauTu'.
Invalid column name 'URL_FILEChapThuanDauTu'.
Invalid column name 'FILEChapThuanDauTu'.</log4net:message><log4net:properties><log4net:data name="log4net:UserName" value="IIS APPPOOL\SoXayDung_Service" /><log4net:data name="log4net:Identity" value="" /><log4net:data name="log4net:HostName" value="GMC-50350" /></log4net:properties></log4net:event>
<log4net:event logger="ChapThuanDauTu.SRV.Data.QuanLyDauTuDAC" timestamp="2019-11-18T08:49:16.2418202+07:00" level="ERROR" thread="40" domain="/LM/W3SVC/2/ROOT/ChapThuanDauTu-5-132185153249877618" username="IIS APPPOOL\SoXayDung_Service"><log4net:message>Class: ChapThuanDauTuDAC, function: QLDT_GetAllByID: Invalid column name 'URL_FILEChapThuanCTDauTu'.
Invalid column name 'FILEChapThuanCTDauTu'.
Invalid column name 'URL_FILEQuanLyChuDauTu'.
Invalid column name 'FILEQuanLyChuDauTu'.
Invalid column name 'URL_FILEChapThuanDauTu'.
Invalid column name 'FILEChapThuanDauTu'.</log4net:message><log4net:properties><log4net:data name="log4net:UserName" value="IIS APPPOOL\SoXayDung_Service" /><log4net:data name="log4net:Identity" value="" /><log4net:data name="log4net:HostName" value="GMC-50350" /></log4net:properties></log4net:event>
<log4net:event logger="ChapThuanDauTu.SRV.Data.QuanLyDauTuDAC" timestamp="2019-11-18T08:50:04.6585222+07:00" level="ERROR" thread="44" domain="/LM/W3SVC/2/ROOT/ChapThuanDauTu-5-132185153249877618" username="IIS APPPOOL\SoXayDung_Service"><log4net:message>Class: ChapThuanDauTuDAC, function: QLDT_GetAllByID: Invalid column name 'URL_FILEChapThuanCTDauTu'.
Invalid column name 'FILEChapThuanCTDauTu'.
Invalid column name 'URL_FILEQuanLyChuDauTu'.
Invalid column name 'FILEQuanLyChuDauTu'.
Invalid column name 'URL_FILEChapThuanDauTu'.
Invalid column name 'FILEChapThuanDauTu'.</log4net:message><log4net:properties><log4net:data name="log4net:UserName" value="IIS APPPOOL\SoXayDung_Service" /><log4net:data name="log4net:Identity" value="" /><log4net:data name="log4net:HostName" value="GMC-50350" /></log4net:properties></log4net:event>
<log4net:event logger="ChapThuanDauTu.SRV.Data.QuanLyDauTuDAC" timestamp="2019-11-18T08:56:33.8256376+07:00" level="ERROR" thread="35" domain="/LM/W3SVC/2/ROOT/ChapThuanDauTu-6-132185157926403184" username="IIS APPPOOL\SoXayDung_Service"><log4net:message>Class: ChapThuanDauTuDAC, function: sp_QLCHATLUONGCONGTRINH_InsUpdateDel: Implicit conversion from data type datetime to bigint is not allowed. Use the CONVERT function to run this query.</log4net:message><log4net:properties><log4net:data name="log4net:UserName" value="IIS APPPOOL\SoXayDung_Service" /><log4net:data name="log4net:Identity" value="" /><log4net:data name="log4net:HostName" value="GMC-50350" /></log4net:properties></log4net:event>
<log4net:event logger="ChapThuanDauTu.SRV.Data.QuanLyDauTuDAC" timestamp="2019-11-18T08:58:02.2222362+07:00" level="ERROR" thread="51" domain="/LM/W3SVC/2/ROOT/ChapThuanDauTu-6-132185157926403184" username="IIS APPPOOL\SoXayDung_Service"><log4net:message>Class: ChapThuanDauTuDAC, function: sp_QLCHATLUONGCONGTRINH_InsUpdateDel: Implicit conversion from data type datetime to bigint is not allowed. Use the CONVERT function to run this query.</log4net:message><log4net:properties><log4net:data name="log4net:UserName" value="IIS APPPOOL\SoXayDung_Service" /><log4net:data name="log4net:Identity" value="" /><log4net:data name="log4net:HostName" value="GMC-50350" /></log4net:properties></log4net:event>
<log4net:event logger="ChapThuanDauTu.SRV.Data.QuanLyDauTuDAC" timestamp="2019-11-18T09:00:00.2111799+07:00" level="ERROR" thread="53" domain="/LM/W3SVC/2/ROOT/ChapThuanDauTu-6-132185157926403184" username="IIS APPPOOL\SoXayDung_Service"><log4net:message>Class: ChapThuanDauTuDAC, function: sp_QLCHATLUONGCONGTRINH_InsUpdateDel: Implicit conversion from data type datetime to bigint is not allowed. Use the CONVERT function to run this query.</log4net:message><log4net:properties><log4net:data name="log4net:UserName" value="IIS APPPOOL\SoXayDung_Service" /><log4net:data name="log4net:Identity" value="" /><log4net:data name="log4net:HostName" value="GMC-50350" /></log4net:properties></log4net:event>
<log4net:event logger="ChapThuanDauTu.SRV.Data.QuanLyDauTuDAC" timestamp="2019-11-18T09:02:33.4906161+07:00" level="ERROR" thread="29" domain="/LM/W3SVC/2/ROOT/ChapThuanDauTu-6-132185157926403184" username="IIS APPPOOL\SoXayDung_Service"><log4net:message>Class: ChapThuanDauTuDAC, function: sp_QLCHATLUONGCONGTRINH_InsUpdateDel: Implicit conversion from data type datetime to bigint is not allowed. Use the CONVERT function to run this query.</log4net:message><log4net:properties><log4net:data name="log4net:UserName" value="IIS APPPOOL\SoXayDung_Service" /><log4net:data name="log4net:Identity" value="" /><log4net:data name="log4net:HostName" value="GMC-50350" /></log4net:properties></log4net:event>
<log4net:event logger="ChapThuanDauTu.SRV.Data.QuanLyDauTuDAC" timestamp="2019-11-18T09:02:40.4445838+07:00" level="ERROR" thread="13" domain="/LM/W3SVC/2/ROOT/ChapThuanDauTu-6-132185157926403184" username="IIS APPPOOL\SoXayDung_Service"><log4net:message>Class: ChapThuanDauTuDAC, function: sp_QLCHATLUONGCONGTRINH_InsUpdateDel: Implicit conversion from data type datetime to bigint is not allowed. Use the CONVERT function to run this query.</log4net:message><log4net:properties><log4net:data name="log4net:UserName" value="IIS APPPOOL\SoXayDung_Service" /><log4net:data name="log4net:Identity" value="" /><log4net:data name="log4net:HostName" value="GMC-50350" /></log4net:properties></log4net:event>
<log4net:event logger="ChapThuanDauTu.SRV.Data.QuanLyDauTuDAC" timestamp="2019-11-18T09:03:14.7255105+07:00" level="ERROR" thread="13" domain="/LM/W3SVC/2/ROOT/ChapThuanDauTu-6-132185157926403184" username="IIS APPPOOL\SoXayDung_Service"><log4net:message>Class: ChapThuanDauTuDAC, function: sp_QLCHATLUONGCONGTRINH_InsUpdateDel: Implicit conversion from data type datetime to bigint is not allowed. Use the CONVERT function to run this query.</log4net:message><log4net:properties><log4net:data name="log4net:UserName" value="IIS APPPOOL\SoXayDung_Service" /><log4net:data name="log4net:Identity" value="" /><log4net:data name="log4net:HostName" value="GMC-50350" /></log4net:properties></log4net:event>
<log4net:event logger="ChapThuanDauTu.SRV.Data.QuanLyDauTuDAC" timestamp="2019-11-18T09:10:55.5987663+07:00" level="ERROR" thread="11" domain="/LM/W3SVC/2/ROOT/ChapThuanDauTu-7-132185165410734954" username="IIS APPPOOL\SoXayDung_Service"><log4net:message>Class: ChapThuanDauTuDAC, function: sp_QLCHATLUONGCONGTRINH_InsUpdateDel: Implicit conversion from data type datetime to bigint is not allowed. Use the CONVERT function to run this query.</log4net:message><log4net:properties><log4net:data name="log4net:UserName" value="IIS APPPOOL\SoXayDung_Service" /><log4net:data name="log4net:Identity" value="" /><log4net:data name="log4net:HostName" value="GMC-50350" /></log4net:properties></log4net:event>
<log4net:event logger="ChapThuanDauTu.SRV.Data.QuanLyDauTuDAC" timestamp="2019-11-18T09:16:16.1901118+07:00" level="ERROR" thread="13" domain="/LM/W3SVC/2/ROOT/ChapThuanDauTu-7-132185165410734954" username="IIS APPPOOL\SoXayDung_Service"><log4net:message>Class: ChapThuanDauTuDAC, function: sp_QLCHATLUONGCONGTRINH_InsUpdateDel: Implicit conversion from data type datetime to bigint is not allowed. Use the CONVERT function to run this query.</log4net:message><log4net:properties><log4net:data name="log4net:UserName" value="IIS APPPOOL\SoXayDung_Service" /><log4net:data name="log4net:Identity" value="" /><log4net:data name="log4net:HostName" value="GMC-50350" /></log4net:properties></log4net:event>
<log4net:event logger="ChapThuanDauTu.SRV.Data.QuanLyDauTuDAC" timestamp="2019-11-18T09:18:20.3673685+07:00" level="ERROR" thread="13" domain="/LM/W3SVC/2/ROOT/ChapThuanDauTu-7-132185165410734954" username="IIS APPPOOL\SoXayDung_Service"><log4net:message>Class: ChapThuanDauTuDAC, function: sp_QLCHATLUONGCONGTRINH_InsUpdateDel: Implicit conversion from data type datetime to bigint is not allowed. Use the CONVERT function to run this query.</log4net:message><log4net:properties><log4net:data name="log4net:UserName" value="IIS APPPOOL\SoXayDung_Service" /><log4net:data name="log4net:Identity" value="" /><log4net:data name="log4net:HostName" value="GMC-50350" /></log4net:properties></log4net:event>
<log4net:event logger="ChapThuanDauTu.SRV.Data.QuanLyDauTuDAC" timestamp="2019-11-18T09:21:49.4154772+07:00" level="ERROR" thread="5" domain="/LM/W3SVC/2/ROOT/ChapThuanDauTu-1-132185173078914184" username="IIS APPPOOL\SoXayDung_Service"><log4net:message>Class: ChapThuanDauTuDAC, function: sp_QLCHATLUONGCONGTRINH_InsUpdateDel: Implicit conversion from data type datetime to bigint is not allowed. Use the CONVERT function to run this query.</log4net:message><log4net:properties><log4net:data name="log4net:UserName" value="IIS APPPOOL\SoXayDung_Service" /><log4net:data name="log4net:Identity" value="" /><log4net:data name="log4net:HostName" value="GMC-50350" /></log4net:properties></log4net:event>
<log4net:event logger="ChapThuanDauTu.SRV.Data.QuanLyDauTuDAC" timestamp="2019-11-18T09:36:11.5078391+07:00" level="ERROR" thread="48" domain="/LM/W3SVC/2/ROOT/ChapThuanDauTu-6-132185181583185182" username="IIS APPPOOL\SoXayDung_Service"><log4net:message>Class: ChapThuanDauTuDAC, function: QLDT_GetAllByID: Invalid column name 'DienTich'.
Invalid column name 'URL_FILEChapThuanCTDauTu'.
Invalid column name 'FILEChapThuanCTDauTu'.
Invalid column name 'URL_FILEQuanLyChuDauTu'.
Invalid column name 'FILEQuanLyChuDauTu'.
Invalid column name 'URL_FILEChapThuanDauTu'.
Invalid column name 'FILEChapThuanDauTu'.</log4net:message><log4net:properties><log4net:data name="log4net:UserName" value="IIS APPPOOL\SoXayDung_Service" /><log4net:data name="log4net:Identity" value="" /><log4net:data name="log4net:HostName" value="GMC-50350" /></log4net:properties></log4net:event>
<log4net:event logger="ChapThuanDauTu.SRV.Data.QuanLyDauTuDAC" timestamp="2019-11-18T09:38:29.468304+07:00" level="ERROR" thread="39" domain="/LM/W3SVC/2/ROOT/ChapThuanDauTu-6-132185181583185182" username="IIS APPPOOL\SoXayDung_Service"><log4net:message>Class: ChapThuanDauTuDAC, function: sp_QLCHATLUONGCONGTRINH_InsUpdateDel: Implicit conversion from data type datetime to bigint is not allowed. Use the CONVERT function to run this query.</log4net:message><log4net:properties><log4net:data name="log4net:UserName" value="IIS APPPOOL\SoXayDung_Service" /><log4net:data name="log4net:Identity" value="" /><log4net:data name="log4net:HostName" value="GMC-50350" /></log4net:properties></log4net:event>
<log4net:event logger="ChapThuanDauTu.SRV.Data.QuanLyDauTuDAC" timestamp="2019-11-18T09:48:34.6145799+07:00" level="ERROR" thread="70" domain="/LM/W3SVC/2/ROOT/ChapThuanDauTu-6-132185181583185182" username="IIS APPPOOL\SoXayDung_Service"><log4net:message>Class: ChapThuanDauTuDAC, function: sp_QLCHATLUONGCONGTRINH_InsUpdateDel: Implicit conversion from data type datetime to bigint is not allowed. Use the CONVERT function to run this query.</log4net:message><log4net:properties><log4net:data name="log4net:UserName" value="IIS APPPOOL\SoXayDung_Service" /><log4net:data name="log4net:Identity" value="" /><log4net:data name="log4net:HostName" value="GMC-50350" /></log4net:properties></log4net:event>
<log4net:event logger="ChapThuanDauTu.SRV.Data.QuanLyDauTuDAC" timestamp="2019-11-18T09:57:30.5335533+07:00" level="ERROR" thread="20" domain="/LM/W3SVC/2/ROOT/ChapThuanDauTu-6-132185181583185182" username="IIS APPPOOL\SoXayDung_Service"><log4net:message>Class: ChapThuanDauTuDAC, function: sp_QLCHATLUONGCONGTRINH_InsUpdateDel: Implicit conversion from data type datetime to bigint is not allowed. Use the CONVERT function to run this query.</log4net:message><log4net:properties><log4net:data name="log4net:UserName" value="IIS APPPOOL\SoXayDung_Service" /><log4net:data name="log4net:Identity" value="" /><log4net:data name="log4net:HostName" value="GMC-50350" /></log4net:properties></log4net:event>
<log4net:event logger="ChapThuanDauTu.SRV.Data.QuanLyDauTuDAC" timestamp="2019-11-18T09:59:00.0950006+07:00" level="ERROR" thread="20" domain="/LM/W3SVC/2/ROOT/ChapThuanDauTu-6-132185181583185182" username="IIS APPPOOL\SoXayDung_Service"><log4net:message>Class: ChapThuanDauTuDAC, function: sp_QLCHATLUONGCONGTRINH_InsUpdateDel: Implicit conversion from data type datetime to bigint is not allowed. Use the CONVERT function to run this query.</log4net:message><log4net:properties><log4net:data name="log4net:UserName" value="IIS APPPOOL\SoXayDung_Service" /><log4net:data name="log4net:Identity" value="" /><log4net:data name="log4net:HostName" value="GMC-50350" /></log4net:properties></log4net:event>
<log4net:event logger="ChapThuanDauTu.SRV.Data.QuanLyDauTuDAC" timestamp="2019-11-18T09:59:40.5689736+07:00" level="ERROR" thread="44" domain="/LM/W3SVC/2/ROOT/ChapThuanDauTu-6-132185181583185182" username="IIS APPPOOL\SoXayDung_Service"><log4net:message>Class: ChapThuanDauTuDAC, function: sp_QLCHATLUONGCONGTRINH_InsUpdateDel: Implicit conversion from data type datetime to bigint is not allowed. Use the CONVERT function to run this query.</log4net:message><log4net:properties><log4net:data name="log4net:UserName" value="IIS APPPOOL\SoXayDung_Service" /><log4net:data name="log4net:Identity" value="" /><log4net:data name="log4net:HostName" value="GMC-50350" /></log4net:properties></log4net:event>
<log4net:event logger="ChapThuanDauTu.SRV.Data.QuanLyDauTuDAC" timestamp="2019-11-18T10:00:05.2894751+07:00" level="ERROR" thread="76" domain="/LM/W3SVC/2/ROOT/ChapThuanDauTu-7-132185196041708092" username="IIS APPPOOL\SoXayDung_Service"><log4net:message>Class: ChapThuanDauTuDAC, function: QLDT_GetAllByID: Invalid column name 'DienTich'.
Invalid column name 'URL_FILEChapThuanCTDauTu'.
Invalid column name 'FILEChapThuanCTDauTu'.
Invalid column name 'URL_FILEQuanLyChuDauTu'.
Invalid column name 'FILEQuanLyChuDauTu'.
Invalid column name 'URL_FILEChapThuanDauTu'.
Invalid column name 'FILEChapThuanDauTu'.</log4net:message><log4net:properties><log4net:data name="log4net:UserName" value="IIS APPPOOL\SoXayDung_Service" /><log4net:data name="log4net:Identity" value="" /><log4net:data name="log4net:HostName" value="GMC-50350" /></log4net:properties></log4net:event>
<log4net:event logger="ChapThuanDauTu.SRV.Data.QuanLyDauTuDAC" timestamp="2019-11-18T10:00:13.9390889+07:00" level="ERROR" thread="76" domain="/LM/W3SVC/2/ROOT/ChapThuanDauTu-7-132185196041708092" username="IIS APPPOOL\SoXayDung_Service"><log4net:message>Class: ChapThuanDauTuDAC, function: QLDT_GetAllByID: Invalid column name 'DienTich'.
Invalid column name 'URL_FILEChapThuanCTDauTu'.
Invalid column name 'FILEChapThuanCTDauTu'.
Invalid column name 'URL_FILEQuanLyChuDauTu'.
Invalid column name 'FILEQuanLyChuDauTu'.
Invalid column name 'URL_FILEChapThuanDauTu'.
Invalid column name 'FILEChapThuanDauTu'.</log4net:message><log4net:properties><log4net:data name="log4net:UserName" value="IIS APPPOOL\SoXayDung_Service" /><log4net:data name="log4net:Identity" value="" /><log4net:data name="log4net:HostName" value="GMC-50350" /></log4net:properties></log4net:event>
<log4net:event logger="ChapThuanDauTu.SRV.Data.QuanLyDauTuDAC" timestamp="2019-11-18T10:00:50.899979+07:00" level="ERROR" thread="77" domain="/LM/W3SVC/2/ROOT/ChapThuanDauTu-7-132185196041708092" username="IIS APPPOOL\SoXayDung_Service"><log4net:message>Class: ChapThuanDauTuDAC, function: QLDT_GetAllByID: Invalid column name 'DienTich'.
Invalid column name 'URL_FILEChapThuanCTDauTu'.
Invalid column name 'FILEChapThuanCTDauTu'.
Invalid column name 'URL_FILEQuanLyChuDauTu'.
Invalid column name 'FILEQuanLyChuDauTu'.
Invalid column name 'URL_FILEChapThuanDauTu'.
Invalid column name 'FILEChapThuanDauTu'.</log4net:message><log4net:properties><log4net:data name="log4net:UserName" value="IIS APPPOOL\SoXayDung_Service" /><log4net:data name="log4net:Identity" value="" /><log4net:data name="log4net:HostName" value="GMC-50350" /></log4net:properties></log4net:event>
<log4net:event logger="ChapThuanDauTu.SRV.Data.QuanLyDauTuDAC" timestamp="2019-11-18T10:08:18.1142218+07:00" level="ERROR" thread="88" domain="/LM/W3SVC/2/ROOT/ChapThuanDauTu-8-132185200966231050" username="IIS APPPOOL\SoXayDung_Service"><log4net:message>Class: ChapThuanDauTuDAC, function: sp_QLCHATLUONGCONGTRINH_InsUpdateDel: Implicit conversion from data type datetime to bigint is not allowed. Use the CONVERT function to run this query.</log4net:message><log4net:properties><log4net:data name="log4net:UserName" value="IIS APPPOOL\SoXayDung_Service" /><log4net:data name="log4net:Identity" value="" /><log4net:data name="log4net:HostName" value="GMC-50350" /></log4net:properties></log4net:event>
<log4net:event logger="ChapThuanDauTu.SRV.Data.QuanLyDauTuDAC" timestamp="2019-11-18T10:09:33.5074607+07:00" level="ERROR" thread="99" domain="/LM/W3SVC/2/ROOT/ChapThuanDauTu-8-132185200966231050" username="IIS APPPOOL\SoXayDung_Service"><log4net:message>Class: ChapThuanDauTuDAC, function: sp_QLCHATLUONGCONGTRINH_InsUpdateDel: Implicit conversion from data type datetime to bigint is not allowed. Use the CONVERT function to run this query.</log4net:message><log4net:properties><log4net:data name="log4net:UserName" value="IIS APPPOOL\SoXayDung_Service" /><log4net:data name="log4net:Identity" value="" /><log4net:data name="log4net:HostName" value="GMC-50350" /></log4net:properties></log4net:event>
<log4net:event logger="ChapThuanDauTu.SRV.Data.QuanLyDauTuDAC" timestamp="2019-11-18T10:10:31.4617786+07:00" level="ERROR" thread="102" domain="/LM/W3SVC/2/ROOT/ChapThuanDauTu-9-132185202193431148" username="IIS APPPOOL\SoXayDung_Service"><log4net:message>Class: ChapThuanDauTuDAC, function: QLDT_GetAllByID: Invalid column name 'DienTich'.
Invalid column name 'URL_FILEChapThuanCTDauTu'.
Invalid column name 'FILEChapThuanCTDauTu'.
Invalid column name 'URL_FILEQuanLyChuDauTu'.
Invalid column name 'FILEQuanLyChuDauTu'.
Invalid column name 'URL_FILEChapThuanDauTu'.
Invalid column name 'FILEChapThuanDauTu'.</log4net:message><log4net:properties><log4net:data name="log4net:UserName" value="IIS APPPOOL\SoXayDung_Service" /><log4net:data name="log4net:Identity" value="" /><log4net:data name="log4net:HostName" value="GMC-50350" /></log4net:properties></log4net:event>
<log4net:event logger="ChapThuanDauTu.SRV.Data.QuanLyDauTuDAC" timestamp="2019-11-18T10:12:59.6168793+07:00" level="ERROR" thread="7" domain="/LM/W3SVC/2/ROOT/ChapThuanDauTu-1-132185203783026587" username="IIS APPPOOL\SoXayDung_Service"><log4net:message>Class: ChapThuanDauTuDAC, function: QLDT_GetAllByID: Invalid column name 'DienTich'.
Invalid column name 'URL_FILEChapThuanCTDauTu'.
Invalid column name 'FILEChapThuanCTDauTu'.
Invalid column name 'URL_FILEQuanLyChuDauTu'.
Invalid column name 'FILEQuanLyChuDauTu'.
Invalid column name 'URL_FILEChapThuanDauTu'.
Invalid column name 'FILEChapThuanDauTu'.</log4net:message><log4net:properties><log4net:data name="log4net:UserName" value="IIS APPPOOL\SoXayDung_Service" /><log4net:data name="log4net:Identity" value="" /><log4net:data name="log4net:HostName" value="GMC-50350" /></log4net:properties></log4net:event>
<log4net:event logger="ChapThuanDauTu.SRV.Data.QuanLyDauTuDAC" timestamp="2019-11-18T10:13:57.5836015+07:00" level="ERROR" thread="8" domain="/LM/W3SVC/2/ROOT/ChapThuanDauTu-2-132185204225229039" username="IIS APPPOOL\SoXayDung_Service"><log4net:message>Class: ChapThuanDauTuDAC, function: QLDT_GetAllByID: Invalid column name 'DienTich'.
Invalid column name 'URL_FILEChapThuanCTDauTu'.
Invalid column name 'FILEChapThuanCTDauTu'.
Invalid column name 'URL_FILEQuanLyChuDauTu'.
Invalid column name 'FILEQuanLyChuDauTu'.
Invalid column name 'URL_FILEChapThuanDauTu'.
Invalid column name 'FILEChapThuanDauTu'.</log4net:message><log4net:properties><log4net:data name="log4net:UserName" value="IIS APPPOOL\SoXayDung_Service" /><log4net:data name="log4net:Identity" value="" /><log4net:data name="log4net:HostName" value="GMC-50350" /></log4net:properties></log4net:event>
<log4net:event logger="ChapThuanDauTu.SRV.Data.QuanLyDauTuDAC" timestamp="2019-11-18T10:14:20.912123+07:00" level="ERROR" thread="7" domain="/LM/W3SVC/2/ROOT/ChapThuanDauTu-3-132185204598693373" username="IIS APPPOOL\SoXayDung_Service"><log4net:message>Class: ChapThuanDauTuDAC, function: QLDT_GetAllByID: Invalid column name 'DienTich'.
Invalid column name 'URL_FILEChapThuanCTDauTu'.
Invalid column name 'FILEChapThuanCTDauTu'.
Invalid column name 'URL_FILEQuanLyChuDauTu'.
Invalid column name 'FILEQuanLyChuDauTu'.
Invalid column name 'URL_FILEChapThuanDauTu'.
Invalid column name 'FILEChapThuanDauTu'.</log4net:message><log4net:properties><log4net:data name="log4net:UserName" value="IIS APPPOOL\SoXayDung_Service" /><log4net:data name="log4net:Identity" value="" /><log4net:data name="log4net:HostName" value="GMC-50350" /></log4net:properties></log4net:event>
<log4net:event logger="ChapThuanDauTu.SRV.Data.QuanLyDauTuDAC" timestamp="2019-11-18T10:15:19.4962539+07:00" level="ERROR" thread="21" domain="/LM/W3SVC/2/ROOT/ChapThuanDauTu-4-132185205183494428" username="IIS APPPOOL\SoXayDung_Service"><log4net:message>Class: ChapThuanDauTuDAC, function: sp_QLCHATLUONGCONGTRINH_InsUpdateDel: Failed to convert parameter value from a Int32 to a DateTime.</log4net:message><log4net:properties><log4net:data name="log4net:UserName" value="IIS APPPOOL\SoXayDung_Service" /><log4net:data name="log4net:Identity" value="" /><log4net:data name="log4net:HostName" value="GMC-50350" /></log4net:properties></log4net:event>
<log4net:event logger="ChapThuanDauTu.SRV.Data.QuanLyDauTuDAC" timestamp="2019-11-18T10:46:44.0580952+07:00" level="ERROR" thread="55" domain="/LM/W3SVC/2/ROOT/ChapThuanDauTu-4-132185205183494428" username="IIS APPPOOL\SoXayDung_Service"><log4net:message>Class: ChapThuanDauTuDAC, function: sp_QLCHATLUONGCONGTRINH_InsUpdateDel: Failed to convert parameter value from a Int32 to a DateTime.</log4net:message><log4net:properties><log4net:data name="log4net:UserName" value="IIS APPPOOL\SoXayDung_Service" /><log4net:data name="log4net:Identity" value="" /><log4net:data name="log4net:HostName" value="GMC-50350" /></log4net:properties></log4net:event>
<log4net:event logger="ChapThuanDauTu.SRV.Data.QuanLyDauTuDAC" timestamp="2019-11-18T10:48:52.1354055+07:00" level="ERROR" thread="11" domain="/LM/W3SVC/2/ROOT/ChapThuanDauTu-4-132185205183494428" username="IIS APPPOOL\SoXayDung_Service"><log4net:message>Class: ChapThuanDauTuDAC, function: sp_QLCHATLUONGCONGTRINH_InsUpdateDel: Failed to convert parameter value from a Int32 to a DateTime.</log4net:message><log4net:properties><log4net:data name="log4net:UserName" value="IIS APPPOOL\SoXayDung_Service" /><log4net:data name="log4net:Identity" value="" /><log4net:data name="log4net:HostName" value="GMC-50350" /></log4net:properties></log4net:event>
<log4net:event logger="ChapThuanDauTu.SRV.Data.QuanLyDauTuDAC" timestamp="2019-11-18T10:49:25.9356328+07:00" level="ERROR" thread="11" domain="/LM/W3SVC/2/ROOT/ChapThuanDauTu-4-132185205183494428" username="IIS APPPOOL\SoXayDung_Service"><log4net:message>Class: ChapThuanDauTuDAC, function: sp_QLCHATLUONGCONGTRINH_InsUpdateDel: Failed to convert parameter value from a Int32 to a DateTime.</log4net:message><log4net:properties><log4net:data name="log4net:UserName" value="IIS APPPOOL\SoXayDung_Service" /><log4net:data name="log4net:Identity" value="" /><log4net:data name="log4net:HostName" value="GMC-50350" /></log4net:properties></log4net:event>
<log4net:event logger="ChapThuanDauTu.SRV.Data.QuanLyDauTuDAC" timestamp="2019-11-18T10:50:29.1016535+07:00" level="ERROR" thread="24" domain="/LM/W3SVC/2/ROOT/ChapThuanDauTu-8-132185226280523036" username="IIS APPPOOL\SoXayDung_Service"><log4net:message>Class: ChapThuanDauTuDAC, function: sp_QLCHATLUONGCONGTRINH_InsUpdateDel: Implicit conversion from data type datetime to bigint is not allowed. Use the CONVERT function to run this query.</log4net:message><log4net:properties><log4net:data name="log4net:UserName" value="IIS APPPOOL\SoXayDung_Service" /><log4net:data name="log4net:Identity" value="" /><log4net:data name="log4net:HostName" value="GMC-50350" /></log4net:properties></log4net:event>
<log4net:event logger="ChapThuanDauTu.SRV.Data.QuanLyDauTuDAC" timestamp="2019-11-18T10:52:07.5320085+07:00" level="ERROR" thread="39" domain="/LM/W3SVC/2/ROOT/ChapThuanDauTu-8-132185226280523036" username="IIS APPPOOL\SoXayDung_Service"><log4net:message>Class: ChapThuanDauTuDAC, function: sp_QLCHATLUONGCONGTRINH_InsUpdateDel: Implicit conversion from data type datetime to bigint is not allowed. Use the CONVERT function to run this query.</log4net:message><log4net:properties><log4net:data name="log4net:UserName" value="IIS APPPOOL\SoXayDung_Service" /><log4net:data name="log4net:Identity" value="" /><log4net:data name="log4net:HostName" value="GMC-50350" /></log4net:properties></log4net:event>
<log4net:event logger="ChapThuanDauTu.SRV.Data.QuanLyDauTuDAC" timestamp="2019-11-18T10:53:34.6670022+07:00" level="ERROR" thread="23" domain="/LM/W3SVC/2/ROOT/ChapThuanDauTu-8-132185226280523036" username="IIS APPPOOL\SoXayDung_Service"><log4net:message>Class: ChapThuanDauTuDAC, function: sp_QLCHATLUONGCONGTRINH_InsUpdateDel: Implicit conversion from data type datetime to bigint is not allowed. Use the CONVERT function to run this query.</log4net:message><log4net:properties><log4net:data name="log4net:UserName" value="IIS APPPOOL\SoXayDung_Service" /><log4net:data name="log4net:Identity" value="" /><log4net:data name="log4net:HostName" value="GMC-50350" /></log4net:properties></log4net:event>
<log4net:event logger="ChapThuanDauTu.SRV.Data.QuanLyDauTuDAC" timestamp="2019-11-18T11:07:42.6146821+07:00" level="ERROR" thread="107" domain="/LM/W3SVC/2/ROOT/ChapThuanDauTu-10-132185236503496120" username="IIS APPPOOL\SoXayDung_Service"><log4net:message>Class: ChapThuanDauTuDAC, function: sp_QLCHATLUONGCONGTRINH_InsUpdateDel: Implicit conversion from data type datetime to bigint is not allowed. Use the CONVERT function to run this query.</log4net:message><log4net:properties><log4net:data name="log4net:UserName" value="IIS APPPOOL\SoXayDung_Service" /><log4net:data name="log4net:Identity" value="" /><log4net:data name="log4net:HostName" value="GMC-50350" /></log4net:properties></log4net:event>
<log4net:event logger="ChapThuanDauTu.SRV.Data.QuanLyDauTuDAC" timestamp="2019-11-18T11:11:44.0157318+07:00" level="ERROR" thread="135" domain="/LM/W3SVC/2/ROOT/ChapThuanDauTu-12-132185238607188684" username="IIS APPPOOL\SoXayDung_Service"><log4net:message>Class: ChapThuanDauTuDAC, function: sp_QLCHATLUONGCONGTRINH_InsUpdateDel: Implicit conversion from data type datetime to bigint is not allowed. Use the CONVERT function to run this query.</log4net:message><log4net:properties><log4net:data name="log4net:UserName" value="IIS APPPOOL\SoXayDung_Service" /><log4net:data name="log4net:Identity" value="" /><log4net:data name="log4net:HostName" value="GMC-50350" /></log4net:properties></log4net:event>
