<log4net:event logger="ChungCuNhaOXaHoi.SRV.Data.ReportDAC" timestamp="2019-05-31T09:03:20.0556071+07:00" level="ERROR" thread="21" domain="/LM/W3SVC/2/ROOT/ChungCuNhaOXaHoi-3-132037404200145195" username="IIS APPPOOL\SoXayDung_Service"><log4net:message>The number of parameters does not match number of values for stored procedure.</log4net:message><log4net:properties><log4net:data name="log4net:UserName" value="IIS APPPOOL\SoXayDung_Service" /><log4net:data name="log4net:Identity" value="" /><log4net:data name="log4net:HostName" value="GMC-50350" /></log4net:properties></log4net:event>
<log4net:event logger="ChungCuNhaOXaHoi.SRV.Data.ReportDAC" timestamp="2019-05-31T09:06:46.3018491+07:00" level="ERROR" thread="21" domain="/LM/W3SVC/2/ROOT/ChungCuNhaOXaHoi-3-132037404200145195" username="IIS APPPOOL\SoXayDung_Service"><log4net:message>The number of parameters does not match number of values for stored procedure.</log4net:message><log4net:properties><log4net:data name="log4net:UserName" value="IIS APPPOOL\SoXayDung_Service" /><log4net:data name="log4net:Identity" value="" /><log4net:data name="log4net:HostName" value="GMC-50350" /></log4net:properties></log4net:event>
<log4net:event logger="ChungCuNhaOXaHoi.SRV.Data.ReportDAC" timestamp="2019-05-31T09:07:14.1915799+07:00" level="ERROR" thread="21" domain="/LM/W3SVC/2/ROOT/ChungCuNhaOXaHoi-3-132037404200145195" username="IIS APPPOOL\SoXayDung_Service"><log4net:message>The number of parameters does not match number of values for stored procedure.</log4net:message><log4net:properties><log4net:data name="log4net:UserName" value="IIS APPPOOL\SoXayDung_Service" /><log4net:data name="log4net:Identity" value="" /><log4net:data name="log4net:HostName" value="GMC-50350" /></log4net:properties></log4net:event>
<log4net:event logger="ChungCuNhaOXaHoi.SRV.Data.ReportDAC" timestamp="2019-05-31T09:08:48.2990833+07:00" level="ERROR" thread="21" domain="/LM/W3SVC/2/ROOT/ChungCuNhaOXaHoi-3-132037404200145195" username="IIS APPPOOL\SoXayDung_Service"><log4net:message>The number of parameters does not match number of values for stored procedure.</log4net:message><log4net:properties><log4net:data name="log4net:UserName" value="IIS APPPOOL\SoXayDung_Service" /><log4net:data name="log4net:Identity" value="" /><log4net:data name="log4net:HostName" value="GMC-50350" /></log4net:properties></log4net:event>
<log4net:event logger="ChungCuNhaOXaHoi.SRV.Data.ReportDAC" timestamp="2019-05-31T09:09:23.2617927+07:00" level="ERROR" thread="21" domain="/LM/W3SVC/2/ROOT/ChungCuNhaOXaHoi-3-132037404200145195" username="IIS APPPOOL\SoXayDung_Service"><log4net:message>The number of parameters does not match number of values for stored procedure.</log4net:message><log4net:properties><log4net:data name="log4net:UserName" value="IIS APPPOOL\SoXayDung_Service" /><log4net:data name="log4net:Identity" value="" /><log4net:data name="log4net:HostName" value="GMC-50350" /></log4net:properties></log4net:event>
<log4net:event logger="ChungCuNhaOXaHoi.SRV.Data.ReportDAC" timestamp="2019-05-31T09:10:57.8998568+07:00" level="ERROR" thread="13" domain="/LM/W3SVC/2/ROOT/ChungCuNhaOXaHoi-3-132037404200145195" username="IIS APPPOOL\SoXayDung_Service"><log4net:message>The number of parameters does not match number of values for stored procedure.</log4net:message><log4net:properties><log4net:data name="log4net:UserName" value="IIS APPPOOL\SoXayDung_Service" /><log4net:data name="log4net:Identity" value="" /><log4net:data name="log4net:HostName" value="GMC-50350" /></log4net:properties></log4net:event>
