<log4net:event logger="ChungCuNhaOXaHoi.SRV.Data.NhaOXaHoiDAC" timestamp="2019-05-24T11:47:52.5517542+07:00" level="ERROR" thread="13" domain="/LM/W3SVC/2/ROOT/ChungCuNhaOXaHoi-6-132031462896581559" username="IIS APPPOOL\SoXayDung_Service"><log4net:message>function: NOC_PheDuyetGiaBan_ByHoSoID: Sequence contains more than one element</log4net:message><log4net:properties><log4net:data name="log4net:UserName" value="IIS APPPOOL\SoXayDung_Service" /><log4net:data name="log4net:Identity" value="" /><log4net:data name="log4net:HostName" value="GMC-50350" /></log4net:properties></log4net:event>
<log4net:event logger="ChungCuNhaOXaHoi.SRV.Data.NhaOXaHoiDAC" timestamp="2019-05-24T11:47:54.9477034+07:00" level="ERROR" thread="111" domain="/LM/W3SVC/2/ROOT/ChungCuNhaOXaHoi-6-132031462896581559" username="IIS APPPOOL\SoXayDung_Service"><log4net:message>function: NOC_PheDuyetGiaBan_ByHoSoID: Sequence contains more than one element</log4net:message><log4net:properties><log4net:data name="log4net:UserName" value="IIS APPPOOL\SoXayDung_Service" /><log4net:data name="log4net:Identity" value="" /><log4net:data name="log4net:HostName" value="GMC-50350" /></log4net:properties></log4net:event>
<log4net:event logger="ChungCuNhaOXaHoi.SRV.Data.NhaOXaHoiDAC" timestamp="2019-05-24T11:47:59.3764715+07:00" level="ERROR" thread="13" domain="/LM/W3SVC/2/ROOT/ChungCuNhaOXaHoi-6-132031462896581559" username="IIS APPPOOL\SoXayDung_Service"><log4net:message>function: NOC_PheDuyetGiaBan_ByHoSoID: Sequence contains more than one element</log4net:message><log4net:properties><log4net:data name="log4net:UserName" value="IIS APPPOOL\SoXayDung_Service" /><log4net:data name="log4net:Identity" value="" /><log4net:data name="log4net:HostName" value="GMC-50350" /></log4net:properties></log4net:event>
<log4net:event logger="ChungCuNhaOXaHoi.SRV.Data.NhaOXaHoiDAC" timestamp="2019-05-24T13:05:48.0343937+07:00" level="ERROR" thread="1" domain="/LM/W3SVC/2/ROOT/ChungCuNhaOXaHoi-3-132031514411869696" username="IIS APPPOOL\SoXayDung_Service"><log4net:message>function: NOC_PheDuyetGiaBan_ByHoSoID: Sequence contains more than one element</log4net:message><log4net:properties><log4net:data name="log4net:UserName" value="IIS APPPOOL\SoXayDung_Service" /><log4net:data name="log4net:Identity" value="" /><log4net:data name="log4net:HostName" value="GMC-50350" /></log4net:properties></log4net:event>
<log4net:event logger="ChungCuNhaOXaHoi.SRV.Data.NhaOXaHoiDAC" timestamp="2019-05-24T13:07:38.2979131+07:00" level="ERROR" thread="13" domain="/LM/W3SVC/2/ROOT/ChungCuNhaOXaHoi-3-132031514411869696" username="IIS APPPOOL\SoXayDung_Service"><log4net:message>function: NOC_PheDuyetGiaBan_ByHoSoID: Sequence contains more than one element</log4net:message><log4net:properties><log4net:data name="log4net:UserName" value="IIS APPPOOL\SoXayDung_Service" /><log4net:data name="log4net:Identity" value="" /><log4net:data name="log4net:HostName" value="GMC-50350" /></log4net:properties></log4net:event>
<log4net:event logger="ChungCuNhaOXaHoi.SRV.Data.NhaOXaHoiDAC" timestamp="2019-05-24T13:07:43.6044559+07:00" level="ERROR" thread="1" domain="/LM/W3SVC/2/ROOT/ChungCuNhaOXaHoi-3-132031514411869696" username="IIS APPPOOL\SoXayDung_Service"><log4net:message>function: NOC_PheDuyetGiaBan_ByHoSoID: Sequence contains more than one element</log4net:message><log4net:properties><log4net:data name="log4net:UserName" value="IIS APPPOOL\SoXayDung_Service" /><log4net:data name="log4net:Identity" value="" /><log4net:data name="log4net:HostName" value="GMC-50350" /></log4net:properties></log4net:event>
<log4net:event logger="ChungCuNhaOXaHoi.SRV.Data.NhaOXaHoiDAC" timestamp="2019-05-24T13:07:47.5515125+07:00" level="ERROR" thread="1" domain="/LM/W3SVC/2/ROOT/ChungCuNhaOXaHoi-3-132031514411869696" username="IIS APPPOOL\SoXayDung_Service"><log4net:message>function: NOC_PheDuyetGiaBan_ByHoSoID: Sequence contains more than one element</log4net:message><log4net:properties><log4net:data name="log4net:UserName" value="IIS APPPOOL\SoXayDung_Service" /><log4net:data name="log4net:Identity" value="" /><log4net:data name="log4net:HostName" value="GMC-50350" /></log4net:properties></log4net:event>
<log4net:event logger="ChungCuNhaOXaHoi.SRV.Data.DanhMucDongCCDAC" timestamp="2019-05-24T14:29:14.0217952+07:00" level="ERROR" thread="1" domain="/LM/W3SVC/2/ROOT/ChungCuNhaOXaHoi-3-132031514411869696" username="IIS APPPOOL\SoXayDung_Service"><log4net:message>The number of parameters does not match number of values for stored procedure.</log4net:message><log4net:properties><log4net:data name="log4net:UserName" value="IIS APPPOOL\SoXayDung_Service" /><log4net:data name="log4net:Identity" value="" /><log4net:data name="log4net:HostName" value="GMC-50350" /></log4net:properties></log4net:event>
<log4net:event logger="ChungCuNhaOXaHoi.SRV.Data.DanhMucDongCCDAC" timestamp="2019-05-24T14:29:33.3874549+07:00" level="ERROR" thread="1" domain="/LM/W3SVC/2/ROOT/ChungCuNhaOXaHoi-3-132031514411869696" username="IIS APPPOOL\SoXayDung_Service"><log4net:message>The number of parameters does not match number of values for stored procedure.</log4net:message><log4net:properties><log4net:data name="log4net:UserName" value="IIS APPPOOL\SoXayDung_Service" /><log4net:data name="log4net:Identity" value="" /><log4net:data name="log4net:HostName" value="GMC-50350" /></log4net:properties></log4net:event>
<log4net:event logger="ChungCuNhaOXaHoi.SRV.Data.DanhMucDongCCDAC" timestamp="2019-05-24T14:30:24.7742094+07:00" level="ERROR" thread="144" domain="/LM/W3SVC/2/ROOT/ChungCuNhaOXaHoi-3-132031514411869696" username="IIS APPPOOL\SoXayDung_Service"><log4net:message>The number of parameters does not match number of values for stored procedure.</log4net:message><log4net:properties><log4net:data name="log4net:UserName" value="IIS APPPOOL\SoXayDung_Service" /><log4net:data name="log4net:Identity" value="" /><log4net:data name="log4net:HostName" value="GMC-50350" /></log4net:properties></log4net:event>
<log4net:event logger="ChungCuNhaOXaHoi.SRV.Data.DanhMucDongCCDAC" timestamp="2019-05-24T14:33:46.3500271+07:00" level="ERROR" thread="1" domain="/LM/W3SVC/2/ROOT/ChungCuNhaOXaHoi-3-132031514411869696" username="IIS APPPOOL\SoXayDung_Service"><log4net:message>The number of parameters does not match number of values for stored procedure.</log4net:message><log4net:properties><log4net:data name="log4net:UserName" value="IIS APPPOOL\SoXayDung_Service" /><log4net:data name="log4net:Identity" value="" /><log4net:data name="log4net:HostName" value="GMC-50350" /></log4net:properties></log4net:event>
<log4net:event logger="ChungCuNhaOXaHoi.SRV.Data.DanhMucDongCCDAC" timestamp="2019-05-24T14:38:11.1874244+07:00" level="ERROR" thread="1" domain="/LM/W3SVC/2/ROOT/ChungCuNhaOXaHoi-3-132031514411869696" username="IIS APPPOOL\SoXayDung_Service"><log4net:message>The number of parameters does not match number of values for stored procedure.</log4net:message><log4net:properties><log4net:data name="log4net:UserName" value="IIS APPPOOL\SoXayDung_Service" /><log4net:data name="log4net:Identity" value="" /><log4net:data name="log4net:HostName" value="GMC-50350" /></log4net:properties></log4net:event>
<log4net:event logger="ChungCuNhaOXaHoi.SRV.Data.DanhMucDongCCDAC" timestamp="2019-05-24T14:39:27.4929524+07:00" level="ERROR" thread="1" domain="/LM/W3SVC/2/ROOT/ChungCuNhaOXaHoi-3-132031514411869696" username="IIS APPPOOL\SoXayDung_Service"><log4net:message>The number of parameters does not match number of values for stored procedure.</log4net:message><log4net:properties><log4net:data name="log4net:UserName" value="IIS APPPOOL\SoXayDung_Service" /><log4net:data name="log4net:Identity" value="" /><log4net:data name="log4net:HostName" value="GMC-50350" /></log4net:properties></log4net:event>
<log4net:event logger="ChungCuNhaOXaHoi.SRV.Data.DanhMucDongCCDAC" timestamp="2019-05-24T14:40:09.980246+07:00" level="ERROR" thread="1" domain="/LM/W3SVC/2/ROOT/ChungCuNhaOXaHoi-3-132031514411869696" username="IIS APPPOOL\SoXayDung_Service"><log4net:message>The number of parameters does not match number of values for stored procedure.</log4net:message><log4net:properties><log4net:data name="log4net:UserName" value="IIS APPPOOL\SoXayDung_Service" /><log4net:data name="log4net:Identity" value="" /><log4net:data name="log4net:HostName" value="GMC-50350" /></log4net:properties></log4net:event>
<log4net:event logger="ChungCuNhaOXaHoi.SRV.Data.DanhMucDongCCDAC" timestamp="2019-05-24T14:40:21.2371806+07:00" level="ERROR" thread="1" domain="/LM/W3SVC/2/ROOT/ChungCuNhaOXaHoi-3-132031514411869696" username="IIS APPPOOL\SoXayDung_Service"><log4net:message>The number of parameters does not match number of values for stored procedure.</log4net:message><log4net:properties><log4net:data name="log4net:UserName" value="IIS APPPOOL\SoXayDung_Service" /><log4net:data name="log4net:Identity" value="" /><log4net:data name="log4net:HostName" value="GMC-50350" /></log4net:properties></log4net:event>
<log4net:event logger="ChungCuNhaOXaHoi.SRV.Data.DanhMucDongCCDAC" timestamp="2019-05-24T16:49:34.3297615+07:00" level="ERROR" thread="80" domain="/LM/W3SVC/2/ROOT/ChungCuNhaOXaHoi-3-132031639341142326" username="IIS APPPOOL\SoXayDung_Service"><log4net:message>The number of parameters does not match number of values for stored procedure.</log4net:message><log4net:properties><log4net:data name="log4net:UserName" value="IIS APPPOOL\SoXayDung_Service" /><log4net:data name="log4net:Identity" value="" /><log4net:data name="log4net:HostName" value="GMC-50350" /></log4net:properties></log4net:event>
<log4net:event logger="ChungCuNhaOXaHoi.SRV.Data.DanhMucDongCCDAC" timestamp="2019-05-24T17:02:32.4392184+07:00" level="ERROR" thread="111" domain="/LM/W3SVC/2/ROOT/ChungCuNhaOXaHoi-3-132031639341142326" username="IIS APPPOOL\SoXayDung_Service"><log4net:message>The number of parameters does not match number of values for stored procedure.</log4net:message><log4net:properties><log4net:data name="log4net:UserName" value="IIS APPPOOL\SoXayDung_Service" /><log4net:data name="log4net:Identity" value="" /><log4net:data name="log4net:HostName" value="GMC-50350" /></log4net:properties></log4net:event>
<log4net:event logger="ChungCuNhaOXaHoi.SRV.Data.DanhMucDongCCDAC" timestamp="2019-05-24T17:02:42.3937371+07:00" level="ERROR" thread="111" domain="/LM/W3SVC/2/ROOT/ChungCuNhaOXaHoi-3-132031639341142326" username="IIS APPPOOL\SoXayDung_Service"><log4net:message>The number of parameters does not match number of values for stored procedure.</log4net:message><log4net:properties><log4net:data name="log4net:UserName" value="IIS APPPOOL\SoXayDung_Service" /><log4net:data name="log4net:Identity" value="" /><log4net:data name="log4net:HostName" value="GMC-50350" /></log4net:properties></log4net:event>
<log4net:event logger="ChungCuNhaOXaHoi.SRV.Data.DanhMucDongCCDAC" timestamp="2019-05-24T17:25:28.6462626+07:00" level="ERROR" thread="4" domain="/LM/W3SVC/2/ROOT/ChungCuNhaOXaHoi-2-132031671283804285" username="IIS APPPOOL\SoXayDung_Service"><log4net:message>The number of parameters does not match number of values for stored procedure.</log4net:message><log4net:properties><log4net:data name="log4net:UserName" value="IIS APPPOOL\SoXayDung_Service" /><log4net:data name="log4net:Identity" value="" /><log4net:data name="log4net:HostName" value="GMC-50350" /></log4net:properties></log4net:event>
<log4net:event logger="ChungCuNhaOXaHoi.SRV.Data.DanhMucDongCCDAC" timestamp="2019-05-24T17:26:50.4387396+07:00" level="ERROR" thread="1" domain="/LM/W3SVC/2/ROOT/ChungCuNhaOXaHoi-2-132031671283804285" username="IIS APPPOOL\SoXayDung_Service"><log4net:message>The number of parameters does not match number of values for stored procedure.</log4net:message><log4net:properties><log4net:data name="log4net:UserName" value="IIS APPPOOL\SoXayDung_Service" /><log4net:data name="log4net:Identity" value="" /><log4net:data name="log4net:HostName" value="GMC-50350" /></log4net:properties></log4net:event>
<log4net:event logger="ChungCuNhaOXaHoi.SRV.Data.DanhMucDongCCDAC" timestamp="2019-05-24T17:27:53.473128+07:00" level="ERROR" thread="1" domain="/LM/W3SVC/2/ROOT/ChungCuNhaOXaHoi-2-132031671283804285" username="IIS APPPOOL\SoXayDung_Service"><log4net:message>The number of parameters does not match number of values for stored procedure.</log4net:message><log4net:properties><log4net:data name="log4net:UserName" value="IIS APPPOOL\SoXayDung_Service" /><log4net:data name="log4net:Identity" value="" /><log4net:data name="log4net:HostName" value="GMC-50350" /></log4net:properties></log4net:event>
<log4net:event logger="ChungCuNhaOXaHoi.SRV.Data.DanhMucDongCCDAC" timestamp="2019-05-24T17:29:21.3821984+07:00" level="ERROR" thread="13" domain="/LM/W3SVC/2/ROOT/ChungCuNhaOXaHoi-2-132031671283804285" username="IIS APPPOOL\SoXayDung_Service"><log4net:message>The number of parameters does not match number of values for stored procedure.</log4net:message><log4net:properties><log4net:data name="log4net:UserName" value="IIS APPPOOL\SoXayDung_Service" /><log4net:data name="log4net:Identity" value="" /><log4net:data name="log4net:HostName" value="GMC-50350" /></log4net:properties></log4net:event>
