<log4net:event logger="ChungCuNhaOXaHoi.SRV.Data.ChungCuDAC" timestamp="2019-05-13T09:46:27.3803331+07:00" level="ERROR" thread="1" domain="/LM/W3SVC/2/ROOT/ChungCuNhaOXaHoi-3-132021855625237323" username="IIS APPPOOL\SoXayDung_Service"><log4net:message>Class: ChungCuDAC, function: CC_DiDoi_InsUpdate: Input string was not in a correct format.</log4net:message><log4net:properties><log4net:data name="log4net:UserName" value="IIS APPPOOL\SoXayDung_Service" /><log4net:data name="log4net:Identity" value="" /><log4net:data name="log4net:HostName" value="GMC-50350" /></log4net:properties></log4net:event>
<log4net:event logger="ChungCuNhaOXaHoi.SRV.Data.ChungCuDAC" timestamp="2019-05-13T09:46:29.1652128+07:00" level="ERROR" thread="109" domain="/LM/W3SVC/2/ROOT/ChungCuNhaOXaHoi-3-132021855625237323" username="IIS APPPOOL\SoXayDung_Service"><log4net:message>Class: ChungCuDAC, function: CC_DiDoi_InsUpdate: Input string was not in a correct format.</log4net:message><log4net:properties><log4net:data name="log4net:UserName" value="IIS APPPOOL\SoXayDung_Service" /><log4net:data name="log4net:Identity" value="" /><log4net:data name="log4net:HostName" value="GMC-50350" /></log4net:properties></log4net:event>
<log4net:event logger="ChungCuNhaOXaHoi.SRV.Data.ChungCuDAC" timestamp="2019-05-13T09:46:29.3930707+07:00" level="ERROR" thread="1" domain="/LM/W3SVC/2/ROOT/ChungCuNhaOXaHoi-3-132021855625237323" username="IIS APPPOOL\SoXayDung_Service"><log4net:message>Class: ChungCuDAC, function: CC_DiDoi_InsUpdate: Input string was not in a correct format.</log4net:message><log4net:properties><log4net:data name="log4net:UserName" value="IIS APPPOOL\SoXayDung_Service" /><log4net:data name="log4net:Identity" value="" /><log4net:data name="log4net:HostName" value="GMC-50350" /></log4net:properties></log4net:event>
<log4net:event logger="ChungCuNhaOXaHoi.SRV.Data.ChungCuDAC" timestamp="2019-05-13T09:46:33.0336241+07:00" level="ERROR" thread="109" domain="/LM/W3SVC/2/ROOT/ChungCuNhaOXaHoi-3-132021855625237323" username="IIS APPPOOL\SoXayDung_Service"><log4net:message>Class: ChungCuDAC, function: CC_DiDoi_InsUpdate: Input string was not in a correct format.</log4net:message><log4net:properties><log4net:data name="log4net:UserName" value="IIS APPPOOL\SoXayDung_Service" /><log4net:data name="log4net:Identity" value="" /><log4net:data name="log4net:HostName" value="GMC-50350" /></log4net:properties></log4net:event>
<log4net:event logger="ChungCuNhaOXaHoi.SRV.Data.ChungCuDAC" timestamp="2019-05-13T09:47:19.0233094+07:00" level="ERROR" thread="109" domain="/LM/W3SVC/2/ROOT/ChungCuNhaOXaHoi-3-132021855625237323" username="IIS APPPOOL\SoXayDung_Service"><log4net:message>Class: ChungCuDAC, function: CC_DiDoi_InsUpdate: Input string was not in a correct format.</log4net:message><log4net:properties><log4net:data name="log4net:UserName" value="IIS APPPOOL\SoXayDung_Service" /><log4net:data name="log4net:Identity" value="" /><log4net:data name="log4net:HostName" value="GMC-50350" /></log4net:properties></log4net:event>
<log4net:event logger="ChungCuNhaOXaHoi.SRV.Data.ChungCuDAC" timestamp="2019-05-13T09:48:56.8889976+07:00" level="ERROR" thread="109" domain="/LM/W3SVC/2/ROOT/ChungCuNhaOXaHoi-3-132021855625237323" username="IIS APPPOOL\SoXayDung_Service"><log4net:message>Class: ChungCuDAC, function: CC_DiDoi_InsUpdate: Input string was not in a correct format.</log4net:message><log4net:properties><log4net:data name="log4net:UserName" value="IIS APPPOOL\SoXayDung_Service" /><log4net:data name="log4net:Identity" value="" /><log4net:data name="log4net:HostName" value="GMC-50350" /></log4net:properties></log4net:event>
<log4net:event logger="ChungCuNhaOXaHoi.SRV.Data.ChungCuDAC" timestamp="2019-05-13T09:50:58.6695413+07:00" level="ERROR" thread="110" domain="/LM/W3SVC/2/ROOT/ChungCuNhaOXaHoi-3-132021855625237323" username="IIS APPPOOL\SoXayDung_Service"><log4net:message>Class: ChungCuDAC, function: CC_DiDoi_InsUpdate: Input string was not in a correct format.</log4net:message><log4net:properties><log4net:data name="log4net:UserName" value="IIS APPPOOL\SoXayDung_Service" /><log4net:data name="log4net:Identity" value="" /><log4net:data name="log4net:HostName" value="GMC-50350" /></log4net:properties></log4net:event>
<log4net:event logger="ChungCuNhaOXaHoi.SRV.Data.ChungCuDAC" timestamp="2019-05-13T09:59:00.8383275+07:00" level="ERROR" thread="109" domain="/LM/W3SVC/2/ROOT/ChungCuNhaOXaHoi-3-132021855625237323" username="IIS APPPOOL\SoXayDung_Service"><log4net:message>Class: ChungCuDAC, function: CC_DiDoi_InsUpdate: Input string was not in a correct format.</log4net:message><log4net:properties><log4net:data name="log4net:UserName" value="IIS APPPOOL\SoXayDung_Service" /><log4net:data name="log4net:Identity" value="" /><log4net:data name="log4net:HostName" value="GMC-50350" /></log4net:properties></log4net:event>
<log4net:event logger="ChungCuNhaOXaHoi.SRV.Data.ChungCuDAC" timestamp="2019-05-13T09:59:03.6936338+07:00" level="ERROR" thread="110" domain="/LM/W3SVC/2/ROOT/ChungCuNhaOXaHoi-3-132021855625237323" username="IIS APPPOOL\SoXayDung_Service"><log4net:message>Class: ChungCuDAC, function: CC_DiDoi_InsUpdate: Input string was not in a correct format.</log4net:message><log4net:properties><log4net:data name="log4net:UserName" value="IIS APPPOOL\SoXayDung_Service" /><log4net:data name="log4net:Identity" value="" /><log4net:data name="log4net:HostName" value="GMC-50350" /></log4net:properties></log4net:event>
<log4net:event logger="ChungCuNhaOXaHoi.SRV.Data.ChungCuDAC" timestamp="2019-05-13T10:00:06.9569478+07:00" level="ERROR" thread="110" domain="/LM/W3SVC/2/ROOT/ChungCuNhaOXaHoi-3-132021855625237323" username="IIS APPPOOL\SoXayDung_Service"><log4net:message>Class: ChungCuDAC, function: CC_DiDoi_InsUpdate: Input string was not in a correct format.</log4net:message><log4net:properties><log4net:data name="log4net:UserName" value="IIS APPPOOL\SoXayDung_Service" /><log4net:data name="log4net:Identity" value="" /><log4net:data name="log4net:HostName" value="GMC-50350" /></log4net:properties></log4net:event>
<log4net:event logger="ChungCuNhaOXaHoi.SRV.Data.ChungCuDAC" timestamp="2019-05-13T10:13:07.1517041+07:00" level="ERROR" thread="110" domain="/LM/W3SVC/2/ROOT/ChungCuNhaOXaHoi-3-132021855625237323" username="IIS APPPOOL\SoXayDung_Service"><log4net:message>Class: ChungCuDAC, function: CC_DiDoi_InsUpdate: Input string was not in a correct format.</log4net:message><log4net:properties><log4net:data name="log4net:UserName" value="IIS APPPOOL\SoXayDung_Service" /><log4net:data name="log4net:Identity" value="" /><log4net:data name="log4net:HostName" value="GMC-50350" /></log4net:properties></log4net:event>
<log4net:event logger="ChungCuNhaOXaHoi.SRV.Data.ChungCuDAC" timestamp="2019-05-13T10:20:00.7074942+07:00" level="ERROR" thread="13" domain="/LM/W3SVC/2/ROOT/ChungCuNhaOXaHoi-4-132021909024350567" username="IIS APPPOOL\SoXayDung_Service"><log4net:message>Class: ChungCuDAC, function: CC_DiDoi_InsUpdate: Input string was not in a correct format.</log4net:message><log4net:properties><log4net:data name="log4net:UserName" value="IIS APPPOOL\SoXayDung_Service" /><log4net:data name="log4net:Identity" value="" /><log4net:data name="log4net:HostName" value="GMC-50350" /></log4net:properties></log4net:event>
<log4net:event logger="ChungCuNhaOXaHoi.SRV.Data.ChungCuDAC" timestamp="2019-05-13T10:25:18.5438409+07:00" level="ERROR" thread="1" domain="/LM/W3SVC/2/ROOT/ChungCuNhaOXaHoi-4-132021909024350567" username="IIS APPPOOL\SoXayDung_Service"><log4net:message>Class: ChungCuDAC, function: CC_DiDoi_InsUpdate: Input string was not in a correct format.</log4net:message><log4net:properties><log4net:data name="log4net:UserName" value="IIS APPPOOL\SoXayDung_Service" /><log4net:data name="log4net:Identity" value="" /><log4net:data name="log4net:HostName" value="GMC-50350" /></log4net:properties></log4net:event>
<log4net:event logger="ChungCuNhaOXaHoi.SRV.Data.ChungCuDAC" timestamp="2019-05-13T10:25:29.6982613+07:00" level="ERROR" thread="13" domain="/LM/W3SVC/2/ROOT/ChungCuNhaOXaHoi-4-132021909024350567" username="IIS APPPOOL\SoXayDung_Service"><log4net:message>Class: ChungCuDAC, function: CC_DiDoi_InsUpdate: Input string was not in a correct format.</log4net:message><log4net:properties><log4net:data name="log4net:UserName" value="IIS APPPOOL\SoXayDung_Service" /><log4net:data name="log4net:Identity" value="" /><log4net:data name="log4net:HostName" value="GMC-50350" /></log4net:properties></log4net:event>
<log4net:event logger="ChungCuNhaOXaHoi.SRV.Data.ChungCuDAC" timestamp="2019-05-13T10:26:23.9855126+07:00" level="ERROR" thread="1" domain="/LM/W3SVC/2/ROOT/ChungCuNhaOXaHoi-4-132021909024350567" username="IIS APPPOOL\SoXayDung_Service"><log4net:message>Class: ChungCuDAC, function: CC_DiDoi_InsUpdate: Input string was not in a correct format.</log4net:message><log4net:properties><log4net:data name="log4net:UserName" value="IIS APPPOOL\SoXayDung_Service" /><log4net:data name="log4net:Identity" value="" /><log4net:data name="log4net:HostName" value="GMC-50350" /></log4net:properties></log4net:event>
<log4net:event logger="ChungCuNhaOXaHoi.SRV.Data.ChungCuDAC" timestamp="2019-05-13T10:37:25.04537+07:00" level="ERROR" thread="13" domain="/LM/W3SVC/2/ROOT/ChungCuNhaOXaHoi-4-132021909024350567" username="IIS APPPOOL\SoXayDung_Service"><log4net:message>Class: ChungCuDAC, function: CC_DiDoi_InsUpdate: Input string was not in a correct format.</log4net:message><log4net:properties><log4net:data name="log4net:UserName" value="IIS APPPOOL\SoXayDung_Service" /><log4net:data name="log4net:Identity" value="" /><log4net:data name="log4net:HostName" value="GMC-50350" /></log4net:properties></log4net:event>
<log4net:event logger="ChungCuNhaOXaHoi.SRV.Data.ChungCuDAC" timestamp="2019-05-13T10:37:56.1131986+07:00" level="ERROR" thread="1" domain="/LM/W3SVC/2/ROOT/ChungCuNhaOXaHoi-4-132021909024350567" username="IIS APPPOOL\SoXayDung_Service"><log4net:message>Class: ChungCuDAC, function: CC_DiDoi_InsUpdate: Input string was not in a correct format.</log4net:message><log4net:properties><log4net:data name="log4net:UserName" value="IIS APPPOOL\SoXayDung_Service" /><log4net:data name="log4net:Identity" value="" /><log4net:data name="log4net:HostName" value="GMC-50350" /></log4net:properties></log4net:event>
