<log4net:event logger="ChungCuNhaOXaHoi.SRV.Data.ChungCuDAC" timestamp="2019-04-09T09:46:48.2062504+07:00" level="ERROR" thread="49" domain="/LM/W3SVC/2/ROOT/ChungCuNhaOXaHoi-7-131992515360167031" username="IIS APPPOOL\SoXayDung_Service"><log4net:message>Class: ChungCuDAC, function: CC_LoChungCu_InsUpdate: Procedure or function 'CC_LoChungCu_InsUpdate' expects parameter '@TyLeConLai', which was not supplied.</log4net:message><log4net:properties><log4net:data name="log4net:UserName" value="IIS APPPOOL\SoXayDung_Service" /><log4net:data name="log4net:Identity" value="" /><log4net:data name="log4net:HostName" value="GMC-50350" /></log4net:properties></log4net:event>
<log4net:event logger="ChungCuNhaOXaHoi.SRV.Services.ChungCuNhaOXaHoiService" timestamp="2019-04-09T09:46:48.2282362+07:00" level="ERROR" thread="49" domain="/LM/W3SVC/2/ROOT/ChungCuNhaOXaHoi-7-131992515360167031" username="IIS APPPOOL\SoXayDung_Service"><log4net:message>class: ChungCuNhaOXaHoiService, fuction: SaveChungCu: -1 </log4net:message><log4net:properties><log4net:data name="log4net:UserName" value="IIS APPPOOL\SoXayDung_Service" /><log4net:data name="log4net:Identity" value="" /><log4net:data name="log4net:HostName" value="GMC-50350" /></log4net:properties></log4net:event>
<log4net:event logger="ChungCuNhaOXaHoi.SRV.Data.ChungCuDAC" timestamp="2019-04-09T09:49:25.4033732+07:00" level="ERROR" thread="50" domain="/LM/W3SVC/2/ROOT/ChungCuNhaOXaHoi-7-131992515360167031" username="IIS APPPOOL\SoXayDung_Service"><log4net:message>Class: ChungCuDAC, function: CC_LoChungCu_InsUpdate: Procedure or function 'CC_LoChungCu_InsUpdate' expects parameter '@TyLeConLai', which was not supplied.</log4net:message><log4net:properties><log4net:data name="log4net:UserName" value="IIS APPPOOL\SoXayDung_Service" /><log4net:data name="log4net:Identity" value="" /><log4net:data name="log4net:HostName" value="GMC-50350" /></log4net:properties></log4net:event>
<log4net:event logger="ChungCuNhaOXaHoi.SRV.Services.ChungCuNhaOXaHoiService" timestamp="2019-04-09T09:49:25.4053689+07:00" level="ERROR" thread="50" domain="/LM/W3SVC/2/ROOT/ChungCuNhaOXaHoi-7-131992515360167031" username="IIS APPPOOL\SoXayDung_Service"><log4net:message>class: ChungCuNhaOXaHoiService, fuction: SaveChungCu: -1 </log4net:message><log4net:properties><log4net:data name="log4net:UserName" value="IIS APPPOOL\SoXayDung_Service" /><log4net:data name="log4net:Identity" value="" /><log4net:data name="log4net:HostName" value="GMC-50350" /></log4net:properties></log4net:event>
<log4net:event logger="ChungCuNhaOXaHoi.SRV.Data.ChungCuDAC" timestamp="2019-04-09T09:51:03.1246971+07:00" level="ERROR" thread="50" domain="/LM/W3SVC/2/ROOT/ChungCuNhaOXaHoi-7-131992515360167031" username="IIS APPPOOL\SoXayDung_Service"><log4net:message>Class: ChungCuDAC, function: CC_LoChungCu_InsUpdate: Procedure or function 'CC_LoChungCu_InsUpdate' expects parameter '@TyLeConLai', which was not supplied.</log4net:message><log4net:properties><log4net:data name="log4net:UserName" value="IIS APPPOOL\SoXayDung_Service" /><log4net:data name="log4net:Identity" value="" /><log4net:data name="log4net:HostName" value="GMC-50350" /></log4net:properties></log4net:event>
<log4net:event logger="ChungCuNhaOXaHoi.SRV.Services.ChungCuNhaOXaHoiService" timestamp="2019-04-09T09:51:03.1266961+07:00" level="ERROR" thread="50" domain="/LM/W3SVC/2/ROOT/ChungCuNhaOXaHoi-7-131992515360167031" username="IIS APPPOOL\SoXayDung_Service"><log4net:message>class: ChungCuNhaOXaHoiService, fuction: SaveChungCu: -1 </log4net:message><log4net:properties><log4net:data name="log4net:UserName" value="IIS APPPOOL\SoXayDung_Service" /><log4net:data name="log4net:Identity" value="" /><log4net:data name="log4net:HostName" value="GMC-50350" /></log4net:properties></log4net:event>
<log4net:event logger="ChungCuNhaOXaHoi.SRV.Data.ChungCuDAC" timestamp="2019-04-09T09:51:24.8625239+07:00" level="ERROR" thread="13" domain="/LM/W3SVC/2/ROOT/ChungCuNhaOXaHoi-7-131992515360167031" username="IIS APPPOOL\SoXayDung_Service"><log4net:message>Class: ChungCuDAC, function: CC_LoChungCu_InsUpdate: Procedure or function 'CC_LoChungCu_InsUpdate' expects parameter '@TyLeConLai', which was not supplied.</log4net:message><log4net:properties><log4net:data name="log4net:UserName" value="IIS APPPOOL\SoXayDung_Service" /><log4net:data name="log4net:Identity" value="" /><log4net:data name="log4net:HostName" value="GMC-50350" /></log4net:properties></log4net:event>
<log4net:event logger="ChungCuNhaOXaHoi.SRV.Services.ChungCuNhaOXaHoiService" timestamp="2019-04-09T09:51:24.8655218+07:00" level="ERROR" thread="13" domain="/LM/W3SVC/2/ROOT/ChungCuNhaOXaHoi-7-131992515360167031" username="IIS APPPOOL\SoXayDung_Service"><log4net:message>class: ChungCuNhaOXaHoiService, fuction: SaveChungCu: -1 </log4net:message><log4net:properties><log4net:data name="log4net:UserName" value="IIS APPPOOL\SoXayDung_Service" /><log4net:data name="log4net:Identity" value="" /><log4net:data name="log4net:HostName" value="GMC-50350" /></log4net:properties></log4net:event>
