<log4net:event logger="ChungCuNhaOXaHoi.SRV.Data.NhaOXaHoiDAC" timestamp="2019-05-14T13:25:24.4645514+07:00" level="ERROR" thread="22" domain="/LM/W3SVC/2/ROOT/ChungCuNhaOXaHoi-3-132022878679684129" username="IIS APPPOOL\SoXayDung_Service"><log4net:message>function: NOXH_NhaOXaHoi_InsUpdate: The conversion of a nvarchar data type to a datetime data type resulted in an out-of-range value.
The statement has been terminated.</log4net:message><log4net:properties><log4net:data name="log4net:UserName" value="IIS APPPOOL\SoXayDung_Service" /><log4net:data name="log4net:Identity" value="" /><log4net:data name="log4net:HostName" value="GMC-50350" /></log4net:properties></log4net:event>
<log4net:event logger="ChungCuNhaOXaHoi.SRV.Business.NhaOXaHoiBUS" timestamp="2019-05-14T13:25:24.4715462+07:00" level="ERROR" thread="22" domain="/LM/W3SVC/2/ROOT/ChungCuNhaOXaHoi-3-132022878679684129" username="IIS APPPOOL\SoXayDung_Service"><log4net:message>fuction: InsertUpdateNhaOXaHoi: -1 </log4net:message><log4net:properties><log4net:data name="log4net:UserName" value="IIS APPPOOL\SoXayDung_Service" /><log4net:data name="log4net:Identity" value="" /><log4net:data name="log4net:HostName" value="GMC-50350" /></log4net:properties></log4net:event>
<log4net:event logger="ChungCuNhaOXaHoi.SRV.Data.NhaOXaHoiDAC" timestamp="2019-05-14T13:34:53.4978657+07:00" level="ERROR" thread="13" domain="/LM/W3SVC/2/ROOT/ChungCuNhaOXaHoi-3-132022878679684129" username="IIS APPPOOL\SoXayDung_Service"><log4net:message>function: NOXH_NhaOXaHoi_InsUpdate: The conversion of a nvarchar data type to a datetime data type resulted in an out-of-range value.
The statement has been terminated.</log4net:message><log4net:properties><log4net:data name="log4net:UserName" value="IIS APPPOOL\SoXayDung_Service" /><log4net:data name="log4net:Identity" value="" /><log4net:data name="log4net:HostName" value="GMC-50350" /></log4net:properties></log4net:event>
<log4net:event logger="ChungCuNhaOXaHoi.SRV.Business.NhaOXaHoiBUS" timestamp="2019-05-14T13:34:53.5038626+07:00" level="ERROR" thread="13" domain="/LM/W3SVC/2/ROOT/ChungCuNhaOXaHoi-3-132022878679684129" username="IIS APPPOOL\SoXayDung_Service"><log4net:message>fuction: InsertUpdateNhaOXaHoi: -1 </log4net:message><log4net:properties><log4net:data name="log4net:UserName" value="IIS APPPOOL\SoXayDung_Service" /><log4net:data name="log4net:Identity" value="" /><log4net:data name="log4net:HostName" value="GMC-50350" /></log4net:properties></log4net:event>
<log4net:event logger="ChungCuNhaOXaHoi.SRV.Data.NhaOXaHoiDAC" timestamp="2019-05-14T13:38:16.5988077+07:00" level="ERROR" thread="22" domain="/LM/W3SVC/2/ROOT/ChungCuNhaOXaHoi-3-132022878679684129" username="IIS APPPOOL\SoXayDung_Service"><log4net:message>function: NOXH_NhaOXaHoi_InsUpdate: The conversion of a nvarchar data type to a datetime data type resulted in an out-of-range value.
The statement has been terminated.</log4net:message><log4net:properties><log4net:data name="log4net:UserName" value="IIS APPPOOL\SoXayDung_Service" /><log4net:data name="log4net:Identity" value="" /><log4net:data name="log4net:HostName" value="GMC-50350" /></log4net:properties></log4net:event>
<log4net:event logger="ChungCuNhaOXaHoi.SRV.Business.NhaOXaHoiBUS" timestamp="2019-05-14T13:38:16.6068035+07:00" level="ERROR" thread="22" domain="/LM/W3SVC/2/ROOT/ChungCuNhaOXaHoi-3-132022878679684129" username="IIS APPPOOL\SoXayDung_Service"><log4net:message>fuction: InsertUpdateNhaOXaHoi: -1 </log4net:message><log4net:properties><log4net:data name="log4net:UserName" value="IIS APPPOOL\SoXayDung_Service" /><log4net:data name="log4net:Identity" value="" /><log4net:data name="log4net:HostName" value="GMC-50350" /></log4net:properties></log4net:event>
