<log4net:event logger="QuanLyCLCT.SRV.Data.ChungCuDAC" timestamp="2019-10-29T14:40:50.3721047+07:00" level="ERROR" thread="5" domain="/LM/W3SVC/2/ROOT/QuanLyCLCT-10-132168080142020206" username="IIS APPPOOL\SoXayDung_Service"><log4net:message>Class: QuanLyCLCTDAC, function: sp_QLCHATLUONGCONGTRINH_InsUpdateDel: Failed to convert parameter value from a String to a Boolean.</log4net:message><log4net:properties><log4net:data name="log4net:UserName" value="IIS APPPOOL\SoXayDung_Service" /><log4net:data name="log4net:Identity" value="" /><log4net:data name="log4net:HostName" value="GMC-50350" /></log4net:properties></log4net:event>
<log4net:event logger="QuanLyCLCT.SRV.Data.ChungCuDAC" timestamp="2019-10-29T14:43:13.8190308+07:00" level="ERROR" thread="145" domain="/LM/W3SVC/2/ROOT/QuanLyCLCT-12-132168085920890962" username="IIS APPPOOL\SoXayDung_Service"><log4net:message>Class: QuanLyCLCTDAC, function: sp_QLCHATLUONGCONGTRINH_InsUpdateDel: Failed to convert parameter value from a String to a Boolean.</log4net:message><log4net:properties><log4net:data name="log4net:UserName" value="IIS APPPOOL\SoXayDung_Service" /><log4net:data name="log4net:Identity" value="" /><log4net:data name="log4net:HostName" value="GMC-50350" /></log4net:properties></log4net:event>
<log4net:event logger="QuanLyCLCT.SRV.Data.ChungCuDAC" timestamp="2019-10-29T14:44:39.3049066+07:00" level="ERROR" thread="140" domain="/LM/W3SVC/2/ROOT/QuanLyCLCT-12-132168085920890962" username="IIS APPPOOL\SoXayDung_Service"><log4net:message>Class: QuanLyCLCTDAC, function: sp_QLCHATLUONGCONGTRINH_InsUpdateDel: Failed to convert parameter value from a String to a Boolean.</log4net:message><log4net:properties><log4net:data name="log4net:UserName" value="IIS APPPOOL\SoXayDung_Service" /><log4net:data name="log4net:Identity" value="" /><log4net:data name="log4net:HostName" value="GMC-50350" /></log4net:properties></log4net:event>
<log4net:event logger="QuanLyCLCT.SRV.Data.ChungCuDAC" timestamp="2019-10-29T14:46:27.1329447+07:00" level="ERROR" thread="145" domain="/LM/W3SVC/2/ROOT/QuanLyCLCT-12-132168085920890962" username="IIS APPPOOL\SoXayDung_Service"><log4net:message>Class: QuanLyCLCTDAC, function: sp_QLCHATLUONGCONGTRINH_InsUpdateDel: Failed to convert parameter value from a String to a Boolean.</log4net:message><log4net:properties><log4net:data name="log4net:UserName" value="IIS APPPOOL\SoXayDung_Service" /><log4net:data name="log4net:Identity" value="" /><log4net:data name="log4net:HostName" value="GMC-50350" /></log4net:properties></log4net:event>
<log4net:event logger="QuanLyCLCT.SRV.Data.ChungCuDAC" timestamp="2019-10-29T14:49:08.5030136+07:00" level="ERROR" thread="145" domain="/LM/W3SVC/2/ROOT/QuanLyCLCT-12-132168085920890962" username="IIS APPPOOL\SoXayDung_Service"><log4net:message>Class: QuanLyCLCTDAC, function: sp_QLCHATLUONGCONGTRINH_InsUpdateDel: Failed to convert parameter value from a String to a Boolean.</log4net:message><log4net:properties><log4net:data name="log4net:UserName" value="IIS APPPOOL\SoXayDung_Service" /><log4net:data name="log4net:Identity" value="" /><log4net:data name="log4net:HostName" value="GMC-50350" /></log4net:properties></log4net:event>
<log4net:event logger="QuanLyCLCT.SRV.Data.ChungCuDAC" timestamp="2019-10-29T14:50:13.6640787+07:00" level="ERROR" thread="117" domain="/LM/W3SVC/2/ROOT/QuanLyCLCT-13-132168089890342545" username="IIS APPPOOL\SoXayDung_Service"><log4net:message>Class: QuanLyCLCTDAC, function: sp_QLCHATLUONGCONGTRINH_InsUpdateDel: Object reference not set to an instance of an object.</log4net:message><log4net:properties><log4net:data name="log4net:UserName" value="IIS APPPOOL\SoXayDung_Service" /><log4net:data name="log4net:Identity" value="" /><log4net:data name="log4net:HostName" value="GMC-50350" /></log4net:properties></log4net:event>
<log4net:event logger="QuanLyCLCT.SRV.Data.ChungCuDAC" timestamp="2019-10-29T14:54:10.2665655+07:00" level="ERROR" thread="123" domain="/LM/W3SVC/2/ROOT/QuanLyCLCT-13-132168089890342545" username="IIS APPPOOL\SoXayDung_Service"><log4net:message>Class: QuanLyCLCTDAC, function: sp_QLCHATLUONGCONGTRINH_InsUpdateDel: Object reference not set to an instance of an object.</log4net:message><log4net:properties><log4net:data name="log4net:UserName" value="IIS APPPOOL\SoXayDung_Service" /><log4net:data name="log4net:Identity" value="" /><log4net:data name="log4net:HostName" value="GMC-50350" /></log4net:properties></log4net:event>
<log4net:event logger="QuanLyCLCT.SRV.Data.ChungCuDAC" timestamp="2019-10-29T14:55:39.6339816+07:00" level="ERROR" thread="123" domain="/LM/W3SVC/2/ROOT/QuanLyCLCT-13-132168089890342545" username="IIS APPPOOL\SoXayDung_Service"><log4net:message>Class: QuanLyCLCTDAC, function: sp_QLCHATLUONGCONGTRINH_InsUpdateDel: Object reference not set to an instance of an object.</log4net:message><log4net:properties><log4net:data name="log4net:UserName" value="IIS APPPOOL\SoXayDung_Service" /><log4net:data name="log4net:Identity" value="" /><log4net:data name="log4net:HostName" value="GMC-50350" /></log4net:properties></log4net:event>
<log4net:event logger="QuanLyCLCT.SRV.Data.ChungCuDAC" timestamp="2019-10-29T14:58:55.8978254+07:00" level="ERROR" thread="123" domain="/LM/W3SVC/2/ROOT/QuanLyCLCT-13-132168089890342545" username="IIS APPPOOL\SoXayDung_Service"><log4net:message>Class: QuanLyCLCTDAC, function: sp_QLCHATLUONGCONGTRINH_InsUpdateDel: Object reference not set to an instance of an object.</log4net:message><log4net:properties><log4net:data name="log4net:UserName" value="IIS APPPOOL\SoXayDung_Service" /><log4net:data name="log4net:Identity" value="" /><log4net:data name="log4net:HostName" value="GMC-50350" /></log4net:properties></log4net:event>
<log4net:event logger="QuanLyCLCT.SRV.Data.ChungCuDAC" timestamp="2019-10-29T15:04:24.2873041+07:00" level="ERROR" thread="123" domain="/LM/W3SVC/2/ROOT/QuanLyCLCT-13-132168089890342545" username="IIS APPPOOL\SoXayDung_Service"><log4net:message>Class: QuanLyCLCTDAC, function: sp_QLCHATLUONGCONGTRINH_InsUpdateDel: Object reference not set to an instance of an object.</log4net:message><log4net:properties><log4net:data name="log4net:UserName" value="IIS APPPOOL\SoXayDung_Service" /><log4net:data name="log4net:Identity" value="" /><log4net:data name="log4net:HostName" value="GMC-50350" /></log4net:properties></log4net:event>
<log4net:event logger="QuanLyCLCT.SRV.Data.ChungCuDAC" timestamp="2019-10-29T15:06:10.7113336+07:00" level="ERROR" thread="78" domain="/LM/W3SVC/2/ROOT/QuanLyCLCT-13-132168089890342545" username="IIS APPPOOL\SoXayDung_Service"><log4net:message>Class: QuanLyCLCTDAC, function: sp_QLCHATLUONGCONGTRINH_InsUpdateDel: Object reference not set to an instance of an object.</log4net:message><log4net:properties><log4net:data name="log4net:UserName" value="IIS APPPOOL\SoXayDung_Service" /><log4net:data name="log4net:Identity" value="" /><log4net:data name="log4net:HostName" value="GMC-50350" /></log4net:properties></log4net:event>
