<log4net:event logger="ChungCuNhaOXaHoi.SRV.Data.NhaOXaHoiDAC" timestamp="2019-05-22T10:02:46.1286459+07:00" level="ERROR" thread="75" domain="/LM/W3SVC/2/ROOT/ChungCuNhaOXaHoi-1-132029661005995003" username="IIS APPPOOL\SoXayDung_Service"><log4net:message>function: NOXH_DoiTuong_LstByCondition: Error parsing column 3 (NgaySinh= - String)</log4net:message><log4net:properties><log4net:data name="log4net:UserName" value="IIS APPPOOL\SoXayDung_Service" /><log4net:data name="log4net:Identity" value="" /><log4net:data name="log4net:HostName" value="GMC-50350" /></log4net:properties></log4net:event>
<log4net:event logger="ChungCuNhaOXaHoi.SRV.Data.NhaOXaHoiDAC" timestamp="2019-05-22T10:07:56.8750173+07:00" level="ERROR" thread="24" domain="/LM/W3SVC/2/ROOT/ChungCuNhaOXaHoi-1-132029661005995003" username="IIS APPPOOL\SoXayDung_Service"><log4net:message>function: NOXH_DoiTuong_LstByCondition: Error parsing column 3 (NgaySinh= - String)</log4net:message><log4net:properties><log4net:data name="log4net:UserName" value="IIS APPPOOL\SoXayDung_Service" /><log4net:data name="log4net:Identity" value="" /><log4net:data name="log4net:HostName" value="GMC-50350" /></log4net:properties></log4net:event>
<log4net:event logger="ChungCuNhaOXaHoi.SRV.Data.NhaOXaHoiDAC" timestamp="2019-05-22T10:08:07.1785687+07:00" level="ERROR" thread="187" domain="/LM/W3SVC/2/ROOT/ChungCuNhaOXaHoi-1-132029661005995003" username="IIS APPPOOL\SoXayDung_Service"><log4net:message>function: NOXH_DoiTuong_LstByCondition: Error parsing column 3 (NgaySinh= - String)</log4net:message><log4net:properties><log4net:data name="log4net:UserName" value="IIS APPPOOL\SoXayDung_Service" /><log4net:data name="log4net:Identity" value="" /><log4net:data name="log4net:HostName" value="GMC-50350" /></log4net:properties></log4net:event>
<log4net:event logger="ChungCuNhaOXaHoi.SRV.Data.NhaOXaHoiDAC" timestamp="2019-05-22T10:08:13.4612881+07:00" level="ERROR" thread="24" domain="/LM/W3SVC/2/ROOT/ChungCuNhaOXaHoi-1-132029661005995003" username="IIS APPPOOL\SoXayDung_Service"><log4net:message>function: NOXH_DoiTuong_LstByCondition: Error parsing column 3 (NgaySinh= - String)</log4net:message><log4net:properties><log4net:data name="log4net:UserName" value="IIS APPPOOL\SoXayDung_Service" /><log4net:data name="log4net:Identity" value="" /><log4net:data name="log4net:HostName" value="GMC-50350" /></log4net:properties></log4net:event>
<log4net:event logger="ChungCuNhaOXaHoi.SRV.Data.NhaOXaHoiDAC" timestamp="2019-05-22T10:08:22.040313+07:00" level="ERROR" thread="24" domain="/LM/W3SVC/2/ROOT/ChungCuNhaOXaHoi-1-132029661005995003" username="IIS APPPOOL\SoXayDung_Service"><log4net:message>function: NOXH_DoiTuong_LstByCondition: Error parsing column 3 (NgaySinh= - String)</log4net:message><log4net:properties><log4net:data name="log4net:UserName" value="IIS APPPOOL\SoXayDung_Service" /><log4net:data name="log4net:Identity" value="" /><log4net:data name="log4net:HostName" value="GMC-50350" /></log4net:properties></log4net:event>
