<log4net:event logger="QuanLyCLCT.SRV.Data.DanhMucDongCCDAC" timestamp="2019-10-31T11:20:34.5568624+07:00" level="ERROR" thread="13" domain="/LM/W3SVC/2/ROOT/QuanLyCLCT-10-132169680288043796" username="IIS APPPOOL\SoXayDung_Service"><log4net:message>The stored procedure 'sp_DM_NguyenNhanTaiNan_Lst' doesn't exist.</log4net:message><log4net:properties><log4net:data name="log4net:UserName" value="IIS APPPOOL\SoXayDung_Service" /><log4net:data name="log4net:Identity" value="" /><log4net:data name="log4net:HostName" value="GMC-50350" /></log4net:properties></log4net:event>
<log4net:event logger="QuanLyCLCT.SRV.Data.DanhMucDongCCDAC" timestamp="2019-10-31T11:20:38.9994904+07:00" level="ERROR" thread="13" domain="/LM/W3SVC/2/ROOT/QuanLyCLCT-10-132169680288043796" username="IIS APPPOOL\SoXayDung_Service"><log4net:message>The stored procedure 'sp_DM_NguyenNhanTaiNan_Lst' doesn't exist.</log4net:message><log4net:properties><log4net:data name="log4net:UserName" value="IIS APPPOOL\SoXayDung_Service" /><log4net:data name="log4net:Identity" value="" /><log4net:data name="log4net:HostName" value="GMC-50350" /></log4net:properties></log4net:event>
<log4net:event logger="QuanLyCLCT.SRV.Data.DanhMucDongCCDAC" timestamp="2019-10-31T11:22:18.8460654+07:00" level="ERROR" thread="13" domain="/LM/W3SVC/2/ROOT/QuanLyCLCT-10-132169680288043796" username="IIS APPPOOL\SoXayDung_Service"><log4net:message>The stored procedure 'sp_DM_NguyenNhanTaiNan_Lst' doesn't exist.</log4net:message><log4net:properties><log4net:data name="log4net:UserName" value="IIS APPPOOL\SoXayDung_Service" /><log4net:data name="log4net:Identity" value="" /><log4net:data name="log4net:HostName" value="GMC-50350" /></log4net:properties></log4net:event>
<log4net:event logger="QuanLyCLCT.SRV.Data.DanhMucDongCCDAC" timestamp="2019-10-31T11:23:51.7352106+07:00" level="ERROR" thread="1" domain="/LM/W3SVC/2/ROOT/QuanLyCLCT-10-132169680288043796" username="IIS APPPOOL\SoXayDung_Service"><log4net:message>The stored procedure 'sp_DM_NguyenNhanTaiNan_Lst' doesn't exist.</log4net:message><log4net:properties><log4net:data name="log4net:UserName" value="IIS APPPOOL\SoXayDung_Service" /><log4net:data name="log4net:Identity" value="" /><log4net:data name="log4net:HostName" value="GMC-50350" /></log4net:properties></log4net:event>
<log4net:event logger="QuanLyCLCT.SRV.Data.DanhMucDongCCDAC" timestamp="2019-10-31T11:25:20.8907162+07:00" level="ERROR" thread="1" domain="/LM/W3SVC/2/ROOT/QuanLyCLCT-10-132169680288043796" username="IIS APPPOOL\SoXayDung_Service"><log4net:message>The stored procedure 'sp_DM_NguyenNhanTaiNan_Lst' doesn't exist.</log4net:message><log4net:properties><log4net:data name="log4net:UserName" value="IIS APPPOOL\SoXayDung_Service" /><log4net:data name="log4net:Identity" value="" /><log4net:data name="log4net:HostName" value="GMC-50350" /></log4net:properties></log4net:event>
