<log4net:event logger="ChapThuanDauTu.SRV.Data.ReportDAC" timestamp="2020-02-19T16:43:12.430498+07:00" level="ERROR" thread="1" domain="/LM/W3SVC/2/ROOT/ChapThuanDauTu-4-132265660604396246" username="IIS APPPOOL\SoXayDung_Service"><log4net:message>Conversion failed when converting date and/or time from character string.</log4net:message><log4net:properties><log4net:data name="log4net:UserName" value="IIS APPPOOL\SoXayDung_Service" /><log4net:data name="log4net:Identity" value="" /><log4net:data name="log4net:HostName" value="GMC-50350" /></log4net:properties></log4net:event>
<log4net:event logger="ChapThuanDauTu.SRV.Data.ReportDAC" timestamp="2020-02-19T16:43:28.2794182+07:00" level="ERROR" thread="13" domain="/LM/W3SVC/2/ROOT/ChapThuanDauTu-4-132265660604396246" username="IIS APPPOOL\SoXayDung_Service"><log4net:message>Conversion failed when converting date and/or time from character string.</log4net:message><log4net:properties><log4net:data name="log4net:UserName" value="IIS APPPOOL\SoXayDung_Service" /><log4net:data name="log4net:Identity" value="" /><log4net:data name="log4net:HostName" value="GMC-50350" /></log4net:properties></log4net:event>
<log4net:event logger="ChapThuanDauTu.SRV.Data.QuanLyDauTuDAC" timestamp="2020-02-19T18:51:32.0497418+07:00" level="ERROR" thread="24" domain="/LM/W3SVC/2/ROOT/ChapThuanDauTu-4-132265866901187742" username="IIS APPPOOL\SoXayDung_Service"><log4net:message>Class: ChapThuanDauTuDAC, function: QLDT_GetAllByID: Sequence contains more than one element</log4net:message><log4net:properties><log4net:data name="log4net:UserName" value="IIS APPPOOL\SoXayDung_Service" /><log4net:data name="log4net:Identity" value="" /><log4net:data name="log4net:HostName" value="GMC-50350" /></log4net:properties></log4net:event>
<log4net:event logger="ChapThuanDauTu.SRV.Data.DMInAnDAC" timestamp="2020-02-19T21:10:00.8159423+07:00" level="ERROR" thread="17" domain="/LM/W3SVC/2/ROOT/ChapThuanDauTu-3-132265940368035589" username="IIS APPPOOL\SoXayDung_Service"><log4net:message>Class: NhaOCuDAC, function: GetList: A network-related or instance-specific error occurred while establishing a connection to SQL Server. The server was not found or was not accessible. Verify that the instance name is correct and that SQL Server is configured to allow remote connections. (provider: Named Pipes Provider, error: 40 - Could not open a connection to SQL Server)</log4net:message><log4net:properties><log4net:data name="log4net:UserName" value="IIS APPPOOL\SoXayDung_Service" /><log4net:data name="log4net:Identity" value="" /><log4net:data name="log4net:HostName" value="GMC-50350" /></log4net:properties></log4net:event>
<log4net:event logger="ChapThuanDauTu.SRV.Data.QuanLyDauTuDAC" timestamp="2020-02-19T21:10:11.2422441+07:00" level="ERROR" thread="1" domain="/LM/W3SVC/2/ROOT/ChapThuanDauTu-3-132265940368035589" username="IIS APPPOOL\SoXayDung_Service"><log4net:message>Class: ChapThuanDauTuDAC, function: QLCL_Search_LstByCondition: Cannot open database "SXD_QLCTDAUTU" requested by the login. The login failed.
Login failed for user 'sa'.</log4net:message><log4net:properties><log4net:data name="log4net:UserName" value="IIS APPPOOL\SoXayDung_Service" /><log4net:data name="log4net:Identity" value="" /><log4net:data name="log4net:HostName" value="GMC-50350" /></log4net:properties></log4net:event>
