<log4net:event logger="ChapThuanDauTu.SRV.Data.QuanLyDauTuDAC" timestamp="2020-03-04T13:53:55.2447464+07:00" level="ERROR" thread="42" domain="/LM/W3SVC/2/ROOT/ChapThuanDauTu-4-132277784342331281" username="IIS APPPOOL\SoXayDung_Service"><log4net:message>Class: ChapThuanDauTuDAC, function: QLDT_GetAllByID: Sequence contains more than one element</log4net:message><log4net:properties><log4net:data name="log4net:UserName" value="IIS APPPOOL\SoXayDung_Service" /><log4net:data name="log4net:Identity" value="" /><log4net:data name="log4net:HostName" value="GMC-50350" /></log4net:properties></log4net:event>
<log4net:event logger="ChapThuanDauTu.SRV.Data.QuanLyDauTuDAC" timestamp="2020-03-04T13:54:39.7808424+07:00" level="ERROR" thread="21" domain="/LM/W3SVC/2/ROOT/ChapThuanDauTu-4-132277784342331281" username="IIS APPPOOL\SoXayDung_Service"><log4net:message>Class: ChapThuanDauTuDAC, function: QLDT_GetAllByID: Sequence contains more than one element</log4net:message><log4net:properties><log4net:data name="log4net:UserName" value="IIS APPPOOL\SoXayDung_Service" /><log4net:data name="log4net:Identity" value="" /><log4net:data name="log4net:HostName" value="GMC-50350" /></log4net:properties></log4net:event>
<log4net:event logger="ChapThuanDauTu.SRV.Data.QuanLyDauTuDAC" timestamp="2020-03-04T14:01:12.4839524+07:00" level="ERROR" thread="29" domain="/LM/W3SVC/2/ROOT/ChapThuanDauTu-4-132277784342331281" username="IIS APPPOOL\SoXayDung_Service"><log4net:message>Class: ChapThuanDauTuDAC, function: QLDT_GetAllByID: Sequence contains more than one element</log4net:message><log4net:properties><log4net:data name="log4net:UserName" value="IIS APPPOOL\SoXayDung_Service" /><log4net:data name="log4net:Identity" value="" /><log4net:data name="log4net:HostName" value="GMC-50350" /></log4net:properties></log4net:event>
<log4net:event logger="ChapThuanDauTu.SRV.Data.QuanLyDauTuDAC" timestamp="2020-03-04T14:01:12.7868218+07:00" level="ERROR" thread="29" domain="/LM/W3SVC/2/ROOT/ChapThuanDauTu-4-132277784342331281" username="IIS APPPOOL\SoXayDung_Service"><log4net:message>Class: ChapThuanDauTuDAC, function: QLDT_GetAllByID: Sequence contains more than one element</log4net:message><log4net:properties><log4net:data name="log4net:UserName" value="IIS APPPOOL\SoXayDung_Service" /><log4net:data name="log4net:Identity" value="" /><log4net:data name="log4net:HostName" value="GMC-50350" /></log4net:properties></log4net:event>
<log4net:event logger="ChapThuanDauTu.SRV.Data.QuanLyDauTuDAC" timestamp="2020-03-04T14:02:22.3360359+07:00" level="ERROR" thread="17" domain="/LM/W3SVC/2/ROOT/ChapThuanDauTu-4-132277784342331281" username="IIS APPPOOL\SoXayDung_Service"><log4net:message>Class: ChapThuanDauTuDAC, function: QLDT_GetAllByID: Sequence contains more than one element</log4net:message><log4net:properties><log4net:data name="log4net:UserName" value="IIS APPPOOL\SoXayDung_Service" /><log4net:data name="log4net:Identity" value="" /><log4net:data name="log4net:HostName" value="GMC-50350" /></log4net:properties></log4net:event>
<log4net:event logger="ChapThuanDauTu.SRV.Data.QuanLyDauTuDAC" timestamp="2020-03-04T15:18:12.3562773+07:00" level="ERROR" thread="25" domain="/LM/W3SVC/2/ROOT/ChapThuanDauTu-5-132277834913149197" username="IIS APPPOOL\SoXayDung_Service"><log4net:message>Class: ChapThuanDauTuDAC, function: QLDT_GetAllByID: Sequence contains more than one element</log4net:message><log4net:properties><log4net:data name="log4net:UserName" value="IIS APPPOOL\SoXayDung_Service" /><log4net:data name="log4net:Identity" value="" /><log4net:data name="log4net:HostName" value="GMC-50350" /></log4net:properties></log4net:event>
<log4net:event logger="ChapThuanDauTu.SRV.Data.QuanLyDauTuDAC" timestamp="2020-03-04T15:37:35.5359521+07:00" level="ERROR" thread="44" domain="/LM/W3SVC/2/ROOT/ChapThuanDauTu-5-132277834913149197" username="IIS APPPOOL\SoXayDung_Service"><log4net:message>Class: ChapThuanDauTuDAC, function: QLDT_GetAllByID: Sequence contains more than one element</log4net:message><log4net:properties><log4net:data name="log4net:UserName" value="IIS APPPOOL\SoXayDung_Service" /><log4net:data name="log4net:Identity" value="" /><log4net:data name="log4net:HostName" value="GMC-50350" /></log4net:properties></log4net:event>
<log4net:event logger="ChapThuanDauTu.SRV.Data.QuanLyDauTuDAC" timestamp="2020-03-04T15:38:29.3724675+07:00" level="ERROR" thread="45" domain="/LM/W3SVC/2/ROOT/ChapThuanDauTu-5-132277834913149197" username="IIS APPPOOL\SoXayDung_Service"><log4net:message>Class: ChapThuanDauTuDAC, function: QLDT_GetAllByID: Sequence contains more than one element</log4net:message><log4net:properties><log4net:data name="log4net:UserName" value="IIS APPPOOL\SoXayDung_Service" /><log4net:data name="log4net:Identity" value="" /><log4net:data name="log4net:HostName" value="GMC-50350" /></log4net:properties></log4net:event>
<log4net:event logger="ChapThuanDauTu.SRV.Data.QuanLyDauTuDAC" timestamp="2020-03-04T15:39:13.8262316+07:00" level="ERROR" thread="72" domain="/LM/W3SVC/2/ROOT/ChapThuanDauTu-5-132277834913149197" username="IIS APPPOOL\SoXayDung_Service"><log4net:message>Class: ChapThuanDauTuDAC, function: QLDT_GetAllByID: Sequence contains more than one element</log4net:message><log4net:properties><log4net:data name="log4net:UserName" value="IIS APPPOOL\SoXayDung_Service" /><log4net:data name="log4net:Identity" value="" /><log4net:data name="log4net:HostName" value="GMC-50350" /></log4net:properties></log4net:event>
<log4net:event logger="ChapThuanDauTu.SRV.Data.QuanLyDauTuDAC" timestamp="2020-03-04T15:39:14.0850727+07:00" level="ERROR" thread="72" domain="/LM/W3SVC/2/ROOT/ChapThuanDauTu-5-132277834913149197" username="IIS APPPOOL\SoXayDung_Service"><log4net:message>Class: ChapThuanDauTuDAC, function: QLDT_GetAllByID: Sequence contains more than one element</log4net:message><log4net:properties><log4net:data name="log4net:UserName" value="IIS APPPOOL\SoXayDung_Service" /><log4net:data name="log4net:Identity" value="" /><log4net:data name="log4net:HostName" value="GMC-50350" /></log4net:properties></log4net:event>
<log4net:event logger="ChapThuanDauTu.SRV.Data.QuanLyDauTuDAC" timestamp="2020-03-04T15:39:16.3725783+07:00" level="ERROR" thread="72" domain="/LM/W3SVC/2/ROOT/ChapThuanDauTu-5-132277834913149197" username="IIS APPPOOL\SoXayDung_Service"><log4net:message>Class: ChapThuanDauTuDAC, function: QLDT_GetAllByID: Sequence contains more than one element</log4net:message><log4net:properties><log4net:data name="log4net:UserName" value="IIS APPPOOL\SoXayDung_Service" /><log4net:data name="log4net:Identity" value="" /><log4net:data name="log4net:HostName" value="GMC-50350" /></log4net:properties></log4net:event>
<log4net:event logger="ChapThuanDauTu.SRV.Data.QuanLyDauTuDAC" timestamp="2020-03-04T15:40:38.6478441+07:00" level="ERROR" thread="71" domain="/LM/W3SVC/2/ROOT/ChapThuanDauTu-5-132277834913149197" username="IIS APPPOOL\SoXayDung_Service"><log4net:message>Class: ChapThuanDauTuDAC, function: QLDT_GetAllByID: Sequence contains more than one element</log4net:message><log4net:properties><log4net:data name="log4net:UserName" value="IIS APPPOOL\SoXayDung_Service" /><log4net:data name="log4net:Identity" value="" /><log4net:data name="log4net:HostName" value="GMC-50350" /></log4net:properties></log4net:event>
<log4net:event logger="ChapThuanDauTu.SRV.Data.QuanLyDauTuDAC" timestamp="2020-03-04T16:03:21.5109357+07:00" level="ERROR" thread="13" domain="/LM/W3SVC/2/ROOT/ChapThuanDauTu-5-132277834913149197" username="IIS APPPOOL\SoXayDung_Service"><log4net:message>Class: ChapThuanDauTuDAC, function: QLDT_GetAllByID: Sequence contains more than one element</log4net:message><log4net:properties><log4net:data name="log4net:UserName" value="IIS APPPOOL\SoXayDung_Service" /><log4net:data name="log4net:Identity" value="" /><log4net:data name="log4net:HostName" value="GMC-50350" /></log4net:properties></log4net:event>
<log4net:event logger="ChapThuanDauTu.SRV.Data.QuanLyDauTuDAC" timestamp="2020-03-04T16:04:58.2127201+07:00" level="ERROR" thread="72" domain="/LM/W3SVC/2/ROOT/ChapThuanDauTu-5-132277834913149197" username="IIS APPPOOL\SoXayDung_Service"><log4net:message>Class: ChapThuanDauTuDAC, function: QLDT_GetAllByID: Sequence contains more than one element</log4net:message><log4net:properties><log4net:data name="log4net:UserName" value="IIS APPPOOL\SoXayDung_Service" /><log4net:data name="log4net:Identity" value="" /><log4net:data name="log4net:HostName" value="GMC-50350" /></log4net:properties></log4net:event>
<log4net:event logger="ChapThuanDauTu.SRV.Data.QuanLyDauTuDAC" timestamp="2020-03-04T16:08:59.1837118+07:00" level="ERROR" thread="13" domain="/LM/W3SVC/2/ROOT/ChapThuanDauTu-5-132277834913149197" username="IIS APPPOOL\SoXayDung_Service"><log4net:message>Class: ChapThuanDauTuDAC, function: QLDT_GetAllByID: Sequence contains more than one element</log4net:message><log4net:properties><log4net:data name="log4net:UserName" value="IIS APPPOOL\SoXayDung_Service" /><log4net:data name="log4net:Identity" value="" /><log4net:data name="log4net:HostName" value="GMC-50350" /></log4net:properties></log4net:event>
<log4net:event logger="ChapThuanDauTu.SRV.Data.QuanLyDauTuDAC" timestamp="2020-03-04T16:11:11.0298908+07:00" level="ERROR" thread="72" domain="/LM/W3SVC/2/ROOT/ChapThuanDauTu-5-132277834913149197" username="IIS APPPOOL\SoXayDung_Service"><log4net:message>Class: ChapThuanDauTuDAC, function: QLDT_GetAllByID: Sequence contains more than one element</log4net:message><log4net:properties><log4net:data name="log4net:UserName" value="IIS APPPOOL\SoXayDung_Service" /><log4net:data name="log4net:Identity" value="" /><log4net:data name="log4net:HostName" value="GMC-50350" /></log4net:properties></log4net:event>
<log4net:event logger="ChapThuanDauTu.SRV.Data.QuanLyDauTuDAC" timestamp="2020-03-04T16:15:03.6595543+07:00" level="ERROR" thread="13" domain="/LM/W3SVC/2/ROOT/ChapThuanDauTu-5-132277834913149197" username="IIS APPPOOL\SoXayDung_Service"><log4net:message>Class: ChapThuanDauTuDAC, function: QLDT_GetAllByID: Sequence contains more than one element</log4net:message><log4net:properties><log4net:data name="log4net:UserName" value="IIS APPPOOL\SoXayDung_Service" /><log4net:data name="log4net:Identity" value="" /><log4net:data name="log4net:HostName" value="GMC-50350" /></log4net:properties></log4net:event>
<log4net:event logger="ChapThuanDauTu.SRV.Data.QuanLyDauTuDAC" timestamp="2020-03-04T16:16:05.92196+07:00" level="ERROR" thread="71" domain="/LM/W3SVC/2/ROOT/ChapThuanDauTu-5-132277834913149197" username="IIS APPPOOL\SoXayDung_Service"><log4net:message>Class: ChapThuanDauTuDAC, function: QLDT_GetAllByID: Sequence contains more than one element</log4net:message><log4net:properties><log4net:data name="log4net:UserName" value="IIS APPPOOL\SoXayDung_Service" /><log4net:data name="log4net:Identity" value="" /><log4net:data name="log4net:HostName" value="GMC-50350" /></log4net:properties></log4net:event>
<log4net:event logger="ChapThuanDauTu.SRV.Data.QuanLyDauTuDAC" timestamp="2020-03-04T16:16:47.5108374+07:00" level="ERROR" thread="13" domain="/LM/W3SVC/2/ROOT/ChapThuanDauTu-5-132277834913149197" username="IIS APPPOOL\SoXayDung_Service"><log4net:message>Class: ChapThuanDauTuDAC, function: QLDT_GetAllByID: Sequence contains more than one element</log4net:message><log4net:properties><log4net:data name="log4net:UserName" value="IIS APPPOOL\SoXayDung_Service" /><log4net:data name="log4net:Identity" value="" /><log4net:data name="log4net:HostName" value="GMC-50350" /></log4net:properties></log4net:event>
<log4net:event logger="ChapThuanDauTu.SRV.Data.QuanLyDauTuDAC" timestamp="2020-03-04T16:17:45.1304896+07:00" level="ERROR" thread="71" domain="/LM/W3SVC/2/ROOT/ChapThuanDauTu-5-132277834913149197" username="IIS APPPOOL\SoXayDung_Service"><log4net:message>Class: ChapThuanDauTuDAC, function: QLDT_GetAllByID: Sequence contains more than one element</log4net:message><log4net:properties><log4net:data name="log4net:UserName" value="IIS APPPOOL\SoXayDung_Service" /><log4net:data name="log4net:Identity" value="" /><log4net:data name="log4net:HostName" value="GMC-50350" /></log4net:properties></log4net:event>
<log4net:event logger="ChapThuanDauTu.SRV.Data.QuanLyDauTuDAC" timestamp="2020-03-04T16:18:56.3929039+07:00" level="ERROR" thread="13" domain="/LM/W3SVC/2/ROOT/ChapThuanDauTu-5-132277834913149197" username="IIS APPPOOL\SoXayDung_Service"><log4net:message>Class: ChapThuanDauTuDAC, function: QLDT_GetAllByID: Sequence contains more than one element</log4net:message><log4net:properties><log4net:data name="log4net:UserName" value="IIS APPPOOL\SoXayDung_Service" /><log4net:data name="log4net:Identity" value="" /><log4net:data name="log4net:HostName" value="GMC-50350" /></log4net:properties></log4net:event>
<log4net:event logger="ChapThuanDauTu.SRV.Data.QuanLyDauTuDAC" timestamp="2020-03-04T16:21:36.8959668+07:00" level="ERROR" thread="13" domain="/LM/W3SVC/2/ROOT/ChapThuanDauTu-5-132277834913149197" username="IIS APPPOOL\SoXayDung_Service"><log4net:message>Class: ChapThuanDauTuDAC, function: QLDT_GetAllByID: Sequence contains more than one element</log4net:message><log4net:properties><log4net:data name="log4net:UserName" value="IIS APPPOOL\SoXayDung_Service" /><log4net:data name="log4net:Identity" value="" /><log4net:data name="log4net:HostName" value="GMC-50350" /></log4net:properties></log4net:event>
<log4net:event logger="ChapThuanDauTu.SRV.Data.QuanLyDauTuDAC" timestamp="2020-03-04T16:23:02.5599199+07:00" level="ERROR" thread="23" domain="/LM/W3SVC/2/ROOT/ChapThuanDauTu-5-132277834913149197" username="IIS APPPOOL\SoXayDung_Service"><log4net:message>Class: ChapThuanDauTuDAC, function: QLDT_GetAllByID: Sequence contains more than one element</log4net:message><log4net:properties><log4net:data name="log4net:UserName" value="IIS APPPOOL\SoXayDung_Service" /><log4net:data name="log4net:Identity" value="" /><log4net:data name="log4net:HostName" value="GMC-50350" /></log4net:properties></log4net:event>
<log4net:event logger="ChapThuanDauTu.SRV.Data.QuanLyDauTuDAC" timestamp="2020-03-04T16:27:01.6564005+07:00" level="ERROR" thread="13" domain="/LM/W3SVC/2/ROOT/ChapThuanDauTu-5-132277834913149197" username="IIS APPPOOL\SoXayDung_Service"><log4net:message>Class: ChapThuanDauTuDAC, function: QLDT_GetAllByID: Sequence contains more than one element</log4net:message><log4net:properties><log4net:data name="log4net:UserName" value="IIS APPPOOL\SoXayDung_Service" /><log4net:data name="log4net:Identity" value="" /><log4net:data name="log4net:HostName" value="GMC-50350" /></log4net:properties></log4net:event>
<log4net:event logger="ChapThuanDauTu.SRV.Data.QuanLyDauTuDAC" timestamp="2020-03-04T16:30:06.7020573+07:00" level="ERROR" thread="71" domain="/LM/W3SVC/2/ROOT/ChapThuanDauTu-5-132277834913149197" username="IIS APPPOOL\SoXayDung_Service"><log4net:message>Class: ChapThuanDauTuDAC, function: QLDT_GetAllByID: Sequence contains more than one element</log4net:message><log4net:properties><log4net:data name="log4net:UserName" value="IIS APPPOOL\SoXayDung_Service" /><log4net:data name="log4net:Identity" value="" /><log4net:data name="log4net:HostName" value="GMC-50350" /></log4net:properties></log4net:event>
<log4net:event logger="ChapThuanDauTu.SRV.Data.QuanLyDauTuDAC" timestamp="2020-03-04T16:31:34.8875329+07:00" level="ERROR" thread="13" domain="/LM/W3SVC/2/ROOT/ChapThuanDauTu-5-132277834913149197" username="IIS APPPOOL\SoXayDung_Service"><log4net:message>Class: ChapThuanDauTuDAC, function: QLDT_GetAllByID: Sequence contains more than one element</log4net:message><log4net:properties><log4net:data name="log4net:UserName" value="IIS APPPOOL\SoXayDung_Service" /><log4net:data name="log4net:Identity" value="" /><log4net:data name="log4net:HostName" value="GMC-50350" /></log4net:properties></log4net:event>
<log4net:event logger="ChapThuanDauTu.SRV.Data.QuanLyDauTuDAC" timestamp="2020-03-04T16:32:51.700433+07:00" level="ERROR" thread="1" domain="/LM/W3SVC/2/ROOT/ChapThuanDauTu-5-132277834913149197" username="IIS APPPOOL\SoXayDung_Service"><log4net:message>Class: ChapThuanDauTuDAC, function: QLDT_GetAllByID: Sequence contains more than one element</log4net:message><log4net:properties><log4net:data name="log4net:UserName" value="IIS APPPOOL\SoXayDung_Service" /><log4net:data name="log4net:Identity" value="" /><log4net:data name="log4net:HostName" value="GMC-50350" /></log4net:properties></log4net:event>
<log4net:event logger="ChapThuanDauTu.SRV.Data.QuanLyDauTuDAC" timestamp="2020-03-04T16:33:43.4947375+07:00" level="ERROR" thread="27" domain="/LM/W3SVC/2/ROOT/ChapThuanDauTu-5-132277834913149197" username="IIS APPPOOL\SoXayDung_Service"><log4net:message>Class: ChapThuanDauTuDAC, function: QLDT_GetAllByID: Sequence contains more than one element</log4net:message><log4net:properties><log4net:data name="log4net:UserName" value="IIS APPPOOL\SoXayDung_Service" /><log4net:data name="log4net:Identity" value="" /><log4net:data name="log4net:HostName" value="GMC-50350" /></log4net:properties></log4net:event>
<log4net:event logger="ChapThuanDauTu.SRV.Data.QuanLyDauTuDAC" timestamp="2020-03-04T16:34:12.666793+07:00" level="ERROR" thread="8" domain="/LM/W3SVC/2/ROOT/ChapThuanDauTu-5-132277834913149197" username="IIS APPPOOL\SoXayDung_Service"><log4net:message>Class: ChapThuanDauTuDAC, function: QLDT_GetAllByID: Sequence contains more than one element</log4net:message><log4net:properties><log4net:data name="log4net:UserName" value="IIS APPPOOL\SoXayDung_Service" /><log4net:data name="log4net:Identity" value="" /><log4net:data name="log4net:HostName" value="GMC-50350" /></log4net:properties></log4net:event>
<log4net:event logger="ChapThuanDauTu.SRV.Data.QuanLyDauTuDAC" timestamp="2020-03-04T16:34:16.9984447+07:00" level="ERROR" thread="8" domain="/LM/W3SVC/2/ROOT/ChapThuanDauTu-5-132277834913149197" username="IIS APPPOOL\SoXayDung_Service"><log4net:message>Class: ChapThuanDauTuDAC, function: QLDT_GetAllByID: Sequence contains more than one element</log4net:message><log4net:properties><log4net:data name="log4net:UserName" value="IIS APPPOOL\SoXayDung_Service" /><log4net:data name="log4net:Identity" value="" /><log4net:data name="log4net:HostName" value="GMC-50350" /></log4net:properties></log4net:event>
<log4net:event logger="ChapThuanDauTu.SRV.Data.QuanLyDauTuDAC" timestamp="2020-03-04T16:34:20.5967864+07:00" level="ERROR" thread="8" domain="/LM/W3SVC/2/ROOT/ChapThuanDauTu-5-132277834913149197" username="IIS APPPOOL\SoXayDung_Service"><log4net:message>Class: ChapThuanDauTuDAC, function: QLDT_GetAllByID: Sequence contains more than one element</log4net:message><log4net:properties><log4net:data name="log4net:UserName" value="IIS APPPOOL\SoXayDung_Service" /><log4net:data name="log4net:Identity" value="" /><log4net:data name="log4net:HostName" value="GMC-50350" /></log4net:properties></log4net:event>
<log4net:event logger="ChapThuanDauTu.SRV.Data.QuanLyDauTuDAC" timestamp="2020-03-04T16:34:23.8409513+07:00" level="ERROR" thread="8" domain="/LM/W3SVC/2/ROOT/ChapThuanDauTu-5-132277834913149197" username="IIS APPPOOL\SoXayDung_Service"><log4net:message>Class: ChapThuanDauTuDAC, function: QLDT_GetAllByID: Sequence contains more than one element</log4net:message><log4net:properties><log4net:data name="log4net:UserName" value="IIS APPPOOL\SoXayDung_Service" /><log4net:data name="log4net:Identity" value="" /><log4net:data name="log4net:HostName" value="GMC-50350" /></log4net:properties></log4net:event>
<log4net:event logger="ChapThuanDauTu.SRV.Data.QuanLyDauTuDAC" timestamp="2020-03-04T16:35:17.682862+07:00" level="ERROR" thread="21" domain="/LM/W3SVC/2/ROOT/ChapThuanDauTu-5-132277834913149197" username="IIS APPPOOL\SoXayDung_Service"><log4net:message>Class: ChapThuanDauTuDAC, function: QLDT_GetAllByID: Sequence contains more than one element</log4net:message><log4net:properties><log4net:data name="log4net:UserName" value="IIS APPPOOL\SoXayDung_Service" /><log4net:data name="log4net:Identity" value="" /><log4net:data name="log4net:HostName" value="GMC-50350" /></log4net:properties></log4net:event>
<log4net:event logger="ChapThuanDauTu.SRV.Data.QuanLyDauTuDAC" timestamp="2020-03-04T16:36:56.8804283+07:00" level="ERROR" thread="13" domain="/LM/W3SVC/2/ROOT/ChapThuanDauTu-5-132277834913149197" username="IIS APPPOOL\SoXayDung_Service"><log4net:message>Class: ChapThuanDauTuDAC, function: QLDT_GetAllByID: Sequence contains more than one element</log4net:message><log4net:properties><log4net:data name="log4net:UserName" value="IIS APPPOOL\SoXayDung_Service" /><log4net:data name="log4net:Identity" value="" /><log4net:data name="log4net:HostName" value="GMC-50350" /></log4net:properties></log4net:event>
<log4net:event logger="ChapThuanDauTu.SRV.Data.QuanLyDauTuDAC" timestamp="2020-03-04T16:40:28.5386127+07:00" level="ERROR" thread="13" domain="/LM/W3SVC/2/ROOT/ChapThuanDauTu-5-132277834913149197" username="IIS APPPOOL\SoXayDung_Service"><log4net:message>Class: ChapThuanDauTuDAC, function: QLDT_GetAllByID: Sequence contains more than one element</log4net:message><log4net:properties><log4net:data name="log4net:UserName" value="IIS APPPOOL\SoXayDung_Service" /><log4net:data name="log4net:Identity" value="" /><log4net:data name="log4net:HostName" value="GMC-50350" /></log4net:properties></log4net:event>
<log4net:event logger="ChapThuanDauTu.SRV.Data.QuanLyDauTuDAC" timestamp="2020-03-04T16:41:06.8522818+07:00" level="ERROR" thread="13" domain="/LM/W3SVC/2/ROOT/ChapThuanDauTu-5-132277834913149197" username="IIS APPPOOL\SoXayDung_Service"><log4net:message>Class: ChapThuanDauTuDAC, function: QLDT_GetAllByID: Sequence contains more than one element</log4net:message><log4net:properties><log4net:data name="log4net:UserName" value="IIS APPPOOL\SoXayDung_Service" /><log4net:data name="log4net:Identity" value="" /><log4net:data name="log4net:HostName" value="GMC-50350" /></log4net:properties></log4net:event>
<log4net:event logger="ChapThuanDauTu.SRV.Data.QuanLyDauTuDAC" timestamp="2020-03-04T16:46:50.711571+07:00" level="ERROR" thread="1" domain="/LM/W3SVC/2/ROOT/ChapThuanDauTu-5-132277834913149197" username="IIS APPPOOL\SoXayDung_Service"><log4net:message>Class: ChapThuanDauTuDAC, function: QLDT_GetAllByID: Sequence contains more than one element</log4net:message><log4net:properties><log4net:data name="log4net:UserName" value="IIS APPPOOL\SoXayDung_Service" /><log4net:data name="log4net:Identity" value="" /><log4net:data name="log4net:HostName" value="GMC-50350" /></log4net:properties></log4net:event>
<log4net:event logger="ChapThuanDauTu.SRV.Data.QuanLyDauTuDAC" timestamp="2020-03-04T16:47:45.3656691+07:00" level="ERROR" thread="1" domain="/LM/W3SVC/2/ROOT/ChapThuanDauTu-5-132277834913149197" username="IIS APPPOOL\SoXayDung_Service"><log4net:message>Class: ChapThuanDauTuDAC, function: QLDT_GetAllByID: Sequence contains more than one element</log4net:message><log4net:properties><log4net:data name="log4net:UserName" value="IIS APPPOOL\SoXayDung_Service" /><log4net:data name="log4net:Identity" value="" /><log4net:data name="log4net:HostName" value="GMC-50350" /></log4net:properties></log4net:event>
<log4net:event logger="ChapThuanDauTu.SRV.Data.QuanLyDauTuDAC" timestamp="2020-03-04T17:07:28.8962207+07:00" level="ERROR" thread="1" domain="/LM/W3SVC/2/ROOT/ChapThuanDauTu-5-132277834913149197" username="IIS APPPOOL\SoXayDung_Service"><log4net:message>Class: ChapThuanDauTuDAC, function: QLDT_GetAllByID: Sequence contains more than one element</log4net:message><log4net:properties><log4net:data name="log4net:UserName" value="IIS APPPOOL\SoXayDung_Service" /><log4net:data name="log4net:Identity" value="" /><log4net:data name="log4net:HostName" value="GMC-50350" /></log4net:properties></log4net:event>
<log4net:event logger="ChapThuanDauTu.SRV.Data.QuanLyDauTuDAC" timestamp="2020-03-04T17:18:48.1696905+07:00" level="ERROR" thread="44" domain="/LM/W3SVC/2/ROOT/ChapThuanDauTu-15-132277907265127120" username="IIS APPPOOL\SoXayDung_Service"><log4net:message>Class: ChapThuanDauTuDAC, function: QLDT_GetAllByID: Sequence contains more than one element</log4net:message><log4net:properties><log4net:data name="log4net:UserName" value="IIS APPPOOL\SoXayDung_Service" /><log4net:data name="log4net:Identity" value="" /><log4net:data name="log4net:HostName" value="GMC-50350" /></log4net:properties></log4net:event>
