<log4net:event logger="PhongHopKhongGiay.SRV.Business.ReportBUS" timestamp="2020-08-12T16:57:49.8757568+07:00" level="ERROR" thread="55" domain="/LM/W3SVC/5/ROOT/PhongHopKhongGiay-3-132416994418658133" username="IIS APPPOOL\Quan7_Service"><log4net:message>The type initializer for 'PhongHopKhongGiay.SRV.Data.DataAccessComponent' threw an exception.</log4net:message><log4net:properties><log4net:data name="log4net:UserName" value="IIS APPPOOL\Quan7_Service" /><log4net:data name="log4net:Identity" value="" /><log4net:data name="log4net:HostName" value="Asus-Kakashi" /></log4net:properties></log4net:event>
<log4net:event logger="PhongHopKhongGiay.SRV.Business.ReportBUS" timestamp="2020-08-12T16:57:58.4616082+07:00" level="ERROR" thread="16" domain="/LM/W3SVC/5/ROOT/PhongHopKhongGiay-3-132416994418658133" username="IIS APPPOOL\Quan7_Service"><log4net:message>The type initializer for 'PhongHopKhongGiay.SRV.Data.DataAccessComponent' threw an exception.</log4net:message><log4net:properties><log4net:data name="log4net:UserName" value="IIS APPPOOL\Quan7_Service" /><log4net:data name="log4net:Identity" value="" /><log4net:data name="log4net:HostName" value="Asus-Kakashi" /></log4net:properties></log4net:event>
<log4net:event logger="PhongHopKhongGiay.SRV.Business.ReportBUS" timestamp="2020-08-12T16:58:21.1035772+07:00" level="ERROR" thread="16" domain="/LM/W3SVC/5/ROOT/PhongHopKhongGiay-3-132416994418658133" username="IIS APPPOOL\Quan7_Service"><log4net:message>The type initializer for 'PhongHopKhongGiay.SRV.Data.DataAccessComponent' threw an exception.</log4net:message><log4net:properties><log4net:data name="log4net:UserName" value="IIS APPPOOL\Quan7_Service" /><log4net:data name="log4net:Identity" value="" /><log4net:data name="log4net:HostName" value="Asus-Kakashi" /></log4net:properties></log4net:event>
<log4net:event logger="PhongHopKhongGiay.SRV.Business.ReportBUS" timestamp="2020-08-12T16:58:59.0966298+07:00" level="ERROR" thread="62" domain="/LM/W3SVC/5/ROOT/PhongHopKhongGiay-3-132416994418658133" username="IIS APPPOOL\Quan7_Service"><log4net:message>The type initializer for 'PhongHopKhongGiay.SRV.Data.DataAccessComponent' threw an exception.</log4net:message><log4net:properties><log4net:data name="log4net:UserName" value="IIS APPPOOL\Quan7_Service" /><log4net:data name="log4net:Identity" value="" /><log4net:data name="log4net:HostName" value="Asus-Kakashi" /></log4net:properties></log4net:event>
<log4net:event logger="PhongHopKhongGiay.SRV.Business.ReportBUS" timestamp="2020-08-12T16:59:08.5970144+07:00" level="ERROR" thread="62" domain="/LM/W3SVC/5/ROOT/PhongHopKhongGiay-3-132416994418658133" username="IIS APPPOOL\Quan7_Service"><log4net:message>The type initializer for 'PhongHopKhongGiay.SRV.Data.DataAccessComponent' threw an exception.</log4net:message><log4net:properties><log4net:data name="log4net:UserName" value="IIS APPPOOL\Quan7_Service" /><log4net:data name="log4net:Identity" value="" /><log4net:data name="log4net:HostName" value="Asus-Kakashi" /></log4net:properties></log4net:event>
<log4net:event logger="PhongHopKhongGiay.SRV.Business.ReportBUS" timestamp="2020-08-12T17:00:29.1598966+07:00" level="ERROR" thread="71" domain="/LM/W3SVC/5/ROOT/PhongHopKhongGiay-3-132416994418658133" username="IIS APPPOOL\Quan7_Service"><log4net:message>The type initializer for 'PhongHopKhongGiay.SRV.Data.DataAccessComponent' threw an exception.</log4net:message><log4net:properties><log4net:data name="log4net:UserName" value="IIS APPPOOL\Quan7_Service" /><log4net:data name="log4net:Identity" value="" /><log4net:data name="log4net:HostName" value="Asus-Kakashi" /></log4net:properties></log4net:event>
<log4net:event logger="PhongHopKhongGiay.SRV.Business.ReportBUS" timestamp="2020-08-12T17:00:47.0174774+07:00" level="ERROR" thread="80" domain="/LM/W3SVC/5/ROOT/PhongHopKhongGiay-4-132417000458414528" username="IIS APPPOOL\Quan7_Service"><log4net:message>The type initializer for 'PhongHopKhongGiay.SRV.Data.DataAccessComponent' threw an exception.</log4net:message><log4net:properties><log4net:data name="log4net:UserName" value="IIS APPPOOL\Quan7_Service" /><log4net:data name="log4net:Identity" value="" /><log4net:data name="log4net:HostName" value="Asus-Kakashi" /></log4net:properties></log4net:event>
<log4net:event logger="PhongHopKhongGiay.SRV.Business.ReportBUS" timestamp="2020-08-12T17:02:00.614261+07:00" level="ERROR" thread="80" domain="/LM/W3SVC/5/ROOT/PhongHopKhongGiay-4-132417000458414528" username="IIS APPPOOL\Quan7_Service"><log4net:message>The type initializer for 'PhongHopKhongGiay.SRV.Data.DataAccessComponent' threw an exception.</log4net:message><log4net:properties><log4net:data name="log4net:UserName" value="IIS APPPOOL\Quan7_Service" /><log4net:data name="log4net:Identity" value="" /><log4net:data name="log4net:HostName" value="Asus-Kakashi" /></log4net:properties></log4net:event>
<log4net:event logger="PhongHopKhongGiay.SRV.Business.ReportBUS" timestamp="2020-08-12T17:05:00.4028303+07:00" level="ERROR" thread="52" domain="/LM/W3SVC/5/ROOT/PhongHopKhongGiay-5-132417001516591699" username="IIS APPPOOL\Quan7_Service"><log4net:message>The type initializer for 'PhongHopKhongGiay.SRV.Data.DataAccessComponent' threw an exception.</log4net:message><log4net:properties><log4net:data name="log4net:UserName" value="IIS APPPOOL\Quan7_Service" /><log4net:data name="log4net:Identity" value="" /><log4net:data name="log4net:HostName" value="Asus-Kakashi" /></log4net:properties></log4net:event>
<log4net:event logger="PhongHopKhongGiay.SRV.Business.ReportBUS" timestamp="2020-08-12T17:09:22.7517852+07:00" level="ERROR" thread="62" domain="/LM/W3SVC/5/ROOT/PhongHopKhongGiay-6-132417004449591993" username="IIS APPPOOL\Quan7_Service"><log4net:message>The type initializer for 'PhongHopKhongGiay.SRV.Data.DataAccessComponent' threw an exception.</log4net:message><log4net:properties><log4net:data name="log4net:UserName" value="IIS APPPOOL\Quan7_Service" /><log4net:data name="log4net:Identity" value="" /><log4net:data name="log4net:HostName" value="Asus-Kakashi" /></log4net:properties></log4net:event>
<log4net:event logger="PhongHopKhongGiay.SRV.Business.ReportBUS" timestamp="2020-08-12T17:09:50.3339644+07:00" level="ERROR" thread="71" domain="/LM/W3SVC/5/ROOT/PhongHopKhongGiay-6-132417004449591993" username="IIS APPPOOL\Quan7_Service"><log4net:message>The type initializer for 'PhongHopKhongGiay.SRV.Data.DataAccessComponent' threw an exception.</log4net:message><log4net:properties><log4net:data name="log4net:UserName" value="IIS APPPOOL\Quan7_Service" /><log4net:data name="log4net:Identity" value="" /><log4net:data name="log4net:HostName" value="Asus-Kakashi" /></log4net:properties></log4net:event>
<log4net:event logger="PhongHopKhongGiay.SRV.Business.ReportBUS" timestamp="2020-08-12T17:15:39.0034788+07:00" level="ERROR" thread="71" domain="/LM/W3SVC/5/ROOT/PhongHopKhongGiay-6-132417004449591993" username="IIS APPPOOL\Quan7_Service"><log4net:message>The type initializer for 'PhongHopKhongGiay.SRV.Data.DataAccessComponent' threw an exception.</log4net:message><log4net:properties><log4net:data name="log4net:UserName" value="IIS APPPOOL\Quan7_Service" /><log4net:data name="log4net:Identity" value="" /><log4net:data name="log4net:HostName" value="Asus-Kakashi" /></log4net:properties></log4net:event>
<log4net:event logger="PhongHopKhongGiay.SRV.Business.ReportBUS" timestamp="2020-08-12T17:19:20.504265+07:00" level="ERROR" thread="110" domain="/LM/W3SVC/5/ROOT/PhongHopKhongGiay-7-132417011299230096" username="IIS APPPOOL\Quan7_Service"><log4net:message>The type initializer for 'PhongHopKhongGiay.SRV.Data.DataAccessComponent' threw an exception.</log4net:message><log4net:properties><log4net:data name="log4net:UserName" value="IIS APPPOOL\Quan7_Service" /><log4net:data name="log4net:Identity" value="" /><log4net:data name="log4net:HostName" value="Asus-Kakashi" /></log4net:properties></log4net:event>
<log4net:event logger="PhongHopKhongGiay.SRV.Business.ReportBUS" timestamp="2020-08-12T17:20:00.1454968+07:00" level="ERROR" thread="102" domain="/LM/W3SVC/5/ROOT/PhongHopKhongGiay-7-132417011299230096" username="IIS APPPOOL\Quan7_Service"><log4net:message>The type initializer for 'PhongHopKhongGiay.SRV.Data.DataAccessComponent' threw an exception.</log4net:message><log4net:properties><log4net:data name="log4net:UserName" value="IIS APPPOOL\Quan7_Service" /><log4net:data name="log4net:Identity" value="" /><log4net:data name="log4net:HostName" value="Asus-Kakashi" /></log4net:properties></log4net:event>
<log4net:event logger="PhongHopKhongGiay.SRV.Business.ReportBUS" timestamp="2020-08-12T17:22:14.2644835+07:00" level="ERROR" thread="102" domain="/LM/W3SVC/5/ROOT/PhongHopKhongGiay-7-132417011299230096" username="IIS APPPOOL\Quan7_Service"><log4net:message>The type initializer for 'PhongHopKhongGiay.SRV.Data.DataAccessComponent' threw an exception.</log4net:message><log4net:properties><log4net:data name="log4net:UserName" value="IIS APPPOOL\Quan7_Service" /><log4net:data name="log4net:Identity" value="" /><log4net:data name="log4net:HostName" value="Asus-Kakashi" /></log4net:properties></log4net:event>
<log4net:event logger="PhongHopKhongGiay.SRV.Business.ReportBUS" timestamp="2020-08-12T17:22:35.7959781+07:00" level="ERROR" thread="120" domain="/LM/W3SVC/5/ROOT/PhongHopKhongGiay-7-132417011299230096" username="IIS APPPOOL\Quan7_Service"><log4net:message>The type initializer for 'PhongHopKhongGiay.SRV.Data.DataAccessComponent' threw an exception.</log4net:message><log4net:properties><log4net:data name="log4net:UserName" value="IIS APPPOOL\Quan7_Service" /><log4net:data name="log4net:Identity" value="" /><log4net:data name="log4net:HostName" value="Asus-Kakashi" /></log4net:properties></log4net:event>
<log4net:event logger="PhongHopKhongGiay.SRV.Business.ReportBUS" timestamp="2020-08-12T17:23:22.8170185+07:00" level="ERROR" thread="102" domain="/LM/W3SVC/5/ROOT/PhongHopKhongGiay-7-132417011299230096" username="IIS APPPOOL\Quan7_Service"><log4net:message>The type initializer for 'PhongHopKhongGiay.SRV.Data.DataAccessComponent' threw an exception.</log4net:message><log4net:properties><log4net:data name="log4net:UserName" value="IIS APPPOOL\Quan7_Service" /><log4net:data name="log4net:Identity" value="" /><log4net:data name="log4net:HostName" value="Asus-Kakashi" /></log4net:properties></log4net:event>
<log4net:event logger="PhongHopKhongGiay.SRV.Business.ReportBUS" timestamp="2020-08-12T17:28:01.5422929+07:00" level="ERROR" thread="102" domain="/LM/W3SVC/5/ROOT/PhongHopKhongGiay-7-132417011299230096" username="IIS APPPOOL\Quan7_Service"><log4net:message>The type initializer for 'PhongHopKhongGiay.SRV.Data.DataAccessComponent' threw an exception.</log4net:message><log4net:properties><log4net:data name="log4net:UserName" value="IIS APPPOOL\Quan7_Service" /><log4net:data name="log4net:Identity" value="" /><log4net:data name="log4net:HostName" value="Asus-Kakashi" /></log4net:properties></log4net:event>
<log4net:event logger="PhongHopKhongGiay.SRV.Business.ReportBUS" timestamp="2020-08-12T17:31:02.9382743+07:00" level="ERROR" thread="102" domain="/LM/W3SVC/5/ROOT/PhongHopKhongGiay-8-132417017799065375" username="IIS APPPOOL\Quan7_Service"><log4net:message>The type initializer for 'PhongHopKhongGiay.SRV.Data.DataAccessComponent' threw an exception.</log4net:message><log4net:properties><log4net:data name="log4net:UserName" value="IIS APPPOOL\Quan7_Service" /><log4net:data name="log4net:Identity" value="" /><log4net:data name="log4net:HostName" value="Asus-Kakashi" /></log4net:properties></log4net:event>
<log4net:event logger="PhongHopKhongGiay.SRV.Business.ReportBUS" timestamp="2020-08-12T17:31:22.7632212+07:00" level="ERROR" thread="102" domain="/LM/W3SVC/5/ROOT/PhongHopKhongGiay-8-132417017799065375" username="IIS APPPOOL\Quan7_Service"><log4net:message>The type initializer for 'PhongHopKhongGiay.SRV.Data.DataAccessComponent' threw an exception.</log4net:message><log4net:properties><log4net:data name="log4net:UserName" value="IIS APPPOOL\Quan7_Service" /><log4net:data name="log4net:Identity" value="" /><log4net:data name="log4net:HostName" value="Asus-Kakashi" /></log4net:properties></log4net:event>
<log4net:event logger="PhongHopKhongGiay.SRV.Business.ReportBUS" timestamp="2020-08-12T17:32:27.6883376+07:00" level="ERROR" thread="152" domain="/LM/W3SVC/5/ROOT/PhongHopKhongGiay-8-132417017799065375" username="IIS APPPOOL\Quan7_Service"><log4net:message>The type initializer for 'PhongHopKhongGiay.SRV.Data.DataAccessComponent' threw an exception.</log4net:message><log4net:properties><log4net:data name="log4net:UserName" value="IIS APPPOOL\Quan7_Service" /><log4net:data name="log4net:Identity" value="" /><log4net:data name="log4net:HostName" value="Asus-Kakashi" /></log4net:properties></log4net:event>
<log4net:event logger="PhongHopKhongGiay.SRV.Business.ReportBUS" timestamp="2020-08-12T17:32:34.3650242+07:00" level="ERROR" thread="9" domain="/LM/W3SVC/5/ROOT/PhongHopKhongGiay-1-132417019505098745" username="IIS APPPOOL\Quan7_Service"><log4net:message>The type initializer for 'PhongHopKhongGiay.SRV.Data.DataAccessComponent' threw an exception.</log4net:message><log4net:properties><log4net:data name="log4net:UserName" value="IIS APPPOOL\Quan7_Service" /><log4net:data name="log4net:Identity" value="" /><log4net:data name="log4net:HostName" value="Asus-Kakashi" /></log4net:properties></log4net:event>
<log4net:event logger="PhongHopKhongGiay.SRV.Business.ReportBUS" timestamp="2020-08-12T17:33:30.1870489+07:00" level="ERROR" thread="9" domain="/LM/W3SVC/5/ROOT/PhongHopKhongGiay-1-132417019505098745" username="IIS APPPOOL\Quan7_Service"><log4net:message>The type initializer for 'PhongHopKhongGiay.SRV.Data.DataAccessComponent' threw an exception.</log4net:message><log4net:properties><log4net:data name="log4net:UserName" value="IIS APPPOOL\Quan7_Service" /><log4net:data name="log4net:Identity" value="" /><log4net:data name="log4net:HostName" value="Asus-Kakashi" /></log4net:properties></log4net:event>
<log4net:event logger="PhongHopKhongGiay.SRV.Business.ReportBUS" timestamp="2020-08-12T17:33:37.1271477+07:00" level="ERROR" thread="9" domain="/LM/W3SVC/5/ROOT/PhongHopKhongGiay-1-132417019505098745" username="IIS APPPOOL\Quan7_Service"><log4net:message>The type initializer for 'PhongHopKhongGiay.SRV.Data.DataAccessComponent' threw an exception.</log4net:message><log4net:properties><log4net:data name="log4net:UserName" value="IIS APPPOOL\Quan7_Service" /><log4net:data name="log4net:Identity" value="" /><log4net:data name="log4net:HostName" value="Asus-Kakashi" /></log4net:properties></log4net:event>
<log4net:event logger="PhongHopKhongGiay.SRV.Business.ReportBUS" timestamp="2020-08-12T17:34:26.7423988+07:00" level="ERROR" thread="9" domain="/LM/W3SVC/5/ROOT/PhongHopKhongGiay-1-132417019505098745" username="IIS APPPOOL\Quan7_Service"><log4net:message>The type initializer for 'PhongHopKhongGiay.SRV.Data.DataAccessComponent' threw an exception.</log4net:message><log4net:properties><log4net:data name="log4net:UserName" value="IIS APPPOOL\Quan7_Service" /><log4net:data name="log4net:Identity" value="" /><log4net:data name="log4net:HostName" value="Asus-Kakashi" /></log4net:properties></log4net:event>
<log4net:event logger="PhongHopKhongGiay.SRV.Business.ReportBUS" timestamp="2020-08-12T17:37:38.0022664+07:00" level="ERROR" thread="45" domain="/LM/W3SVC/5/ROOT/PhongHopKhongGiay-4-132417021796793460" username="IIS APPPOOL\Quan7_Service"><log4net:message>The type initializer for 'PhongHopKhongGiay.SRV.Data.DataAccessComponent' threw an exception.</log4net:message><log4net:properties><log4net:data name="log4net:UserName" value="IIS APPPOOL\Quan7_Service" /><log4net:data name="log4net:Identity" value="" /><log4net:data name="log4net:HostName" value="Asus-Kakashi" /></log4net:properties></log4net:event>
<log4net:event logger="PhongHopKhongGiay.SRV.Business.ReportBUS" timestamp="2020-08-12T17:37:51.1693305+07:00" level="ERROR" thread="55" domain="/LM/W3SVC/5/ROOT/PhongHopKhongGiay-4-132417021796793460" username="IIS APPPOOL\Quan7_Service"><log4net:message>The type initializer for 'PhongHopKhongGiay.SRV.Data.DataAccessComponent' threw an exception.</log4net:message><log4net:properties><log4net:data name="log4net:UserName" value="IIS APPPOOL\Quan7_Service" /><log4net:data name="log4net:Identity" value="" /><log4net:data name="log4net:HostName" value="Asus-Kakashi" /></log4net:properties></log4net:event>
<log4net:event logger="PhongHopKhongGiay.SRV.Business.ReportBUS" timestamp="2020-08-12T17:39:06.1095237+07:00" level="ERROR" thread="62" domain="/LM/W3SVC/5/ROOT/PhongHopKhongGiay-5-132417023169958650" username="IIS APPPOOL\Quan7_Service"><log4net:message>The type initializer for 'PhongHopKhongGiay.SRV.Data.DataAccessComponent' threw an exception.</log4net:message><log4net:properties><log4net:data name="log4net:UserName" value="IIS APPPOOL\Quan7_Service" /><log4net:data name="log4net:Identity" value="" /><log4net:data name="log4net:HostName" value="Asus-Kakashi" /></log4net:properties></log4net:event>
<log4net:event logger="PhongHopKhongGiay.SRV.Business.ReportBUS" timestamp="2020-08-12T17:41:05.199392+07:00" level="ERROR" thread="62" domain="/LM/W3SVC/5/ROOT/PhongHopKhongGiay-6-132417023816482394" username="IIS APPPOOL\Quan7_Service"><log4net:message>The type initializer for 'PhongHopKhongGiay.SRV.Data.DataAccessComponent' threw an exception.</log4net:message><log4net:properties><log4net:data name="log4net:UserName" value="IIS APPPOOL\Quan7_Service" /><log4net:data name="log4net:Identity" value="" /><log4net:data name="log4net:HostName" value="Asus-Kakashi" /></log4net:properties></log4net:event>
<log4net:event logger="PhongHopKhongGiay.SRV.Business.ReportBUS" timestamp="2020-08-12T17:44:05.3439293+07:00" level="ERROR" thread="82" domain="/LM/W3SVC/5/ROOT/PhongHopKhongGiay-7-132417025866287877" username="IIS APPPOOL\Quan7_Service"><log4net:message>The type initializer for 'PhongHopKhongGiay.SRV.Data.DataAccessComponent' threw an exception.</log4net:message><log4net:properties><log4net:data name="log4net:UserName" value="IIS APPPOOL\Quan7_Service" /><log4net:data name="log4net:Identity" value="" /><log4net:data name="log4net:HostName" value="Asus-Kakashi" /></log4net:properties></log4net:event>
<log4net:event logger="PhongHopKhongGiay.SRV.Business.ReportBUS" timestamp="2020-08-12T17:45:30.2091348+07:00" level="ERROR" thread="82" domain="/LM/W3SVC/5/ROOT/PhongHopKhongGiay-7-132417025866287877" username="IIS APPPOOL\Quan7_Service"><log4net:message>The type initializer for 'PhongHopKhongGiay.SRV.Data.DataAccessComponent' threw an exception.</log4net:message><log4net:properties><log4net:data name="log4net:UserName" value="IIS APPPOOL\Quan7_Service" /><log4net:data name="log4net:Identity" value="" /><log4net:data name="log4net:HostName" value="Asus-Kakashi" /></log4net:properties></log4net:event>
<log4net:event logger="PhongHopKhongGiay.SRV.Business.ReportBUS" timestamp="2020-08-12T17:51:21.3197029+07:00" level="ERROR" thread="86" domain="/LM/W3SVC/5/ROOT/PhongHopKhongGiay-8-132417028875849274" username="IIS APPPOOL\Quan7_Service"><log4net:message>The type initializer for 'PhongHopKhongGiay.SRV.Data.DataAccessComponent' threw an exception.</log4net:message><log4net:properties><log4net:data name="log4net:UserName" value="IIS APPPOOL\Quan7_Service" /><log4net:data name="log4net:Identity" value="" /><log4net:data name="log4net:HostName" value="Asus-Kakashi" /></log4net:properties></log4net:event>
<log4net:event logger="PhongHopKhongGiay.SRV.Business.ReportBUS" timestamp="2020-08-12T17:53:13.0392855+07:00" level="ERROR" thread="17" domain="/LM/W3SVC/5/ROOT/PhongHopKhongGiay-8-132417028875849274" username="IIS APPPOOL\Quan7_Service"><log4net:message>The type initializer for 'PhongHopKhongGiay.SRV.Data.DataAccessComponent' threw an exception.</log4net:message><log4net:properties><log4net:data name="log4net:UserName" value="IIS APPPOOL\Quan7_Service" /><log4net:data name="log4net:Identity" value="" /><log4net:data name="log4net:HostName" value="Asus-Kakashi" /></log4net:properties></log4net:event>
