<log4net:event logger="ChapThuanDauTu.SRV.Data.QuanLyDauTuDAC" timestamp="2020-04-06T11:23:34.3265105+07:00" level="ERROR" thread="200" domain="/LM/W3SVC/3/ROOT/ChapThuanDauTu-6-132306190353240782" username="IIS APPPOOL\SoXayDung_Service"><log4net:message>Class: ChapThuanDauTuDAC, function: QLDT_GetAllByMaDuAn: Failed to convert parameter value from a String to a Int64.</log4net:message><log4net:properties><log4net:data name="log4net:UserName" value="IIS APPPOOL\SoXayDung_Service" /><log4net:data name="log4net:Identity" value="" /><log4net:data name="log4net:HostName" value="Asus-Kakashi" /></log4net:properties></log4net:event>
<log4net:event logger="ChapThuanDauTu.SRV.Data.QuanLyDauTuDAC" timestamp="2020-04-06T11:25:15.4964252+07:00" level="ERROR" thread="203" domain="/LM/W3SVC/3/ROOT/ChapThuanDauTu-6-132306190353240782" username="IIS APPPOOL\SoXayDung_Service"><log4net:message>Class: ChapThuanDauTuDAC, function: QLDT_GetAllByMaDuAn: Failed to convert parameter value from a String to a Int64.</log4net:message><log4net:properties><log4net:data name="log4net:UserName" value="IIS APPPOOL\SoXayDung_Service" /><log4net:data name="log4net:Identity" value="" /><log4net:data name="log4net:HostName" value="Asus-Kakashi" /></log4net:properties></log4net:event>
<log4net:event logger="ChapThuanDauTu.SRV.Data.QuanLyDauTuDAC" timestamp="2020-04-06T11:25:47.7517396+07:00" level="ERROR" thread="210" domain="/LM/W3SVC/3/ROOT/ChapThuanDauTu-6-132306190353240782" username="IIS APPPOOL\SoXayDung_Service"><log4net:message>Class: ChapThuanDauTuDAC, function: QLDT_GetAllByMaDuAn: Failed to convert parameter value from a String to a Int64.</log4net:message><log4net:properties><log4net:data name="log4net:UserName" value="IIS APPPOOL\SoXayDung_Service" /><log4net:data name="log4net:Identity" value="" /><log4net:data name="log4net:HostName" value="Asus-Kakashi" /></log4net:properties></log4net:event>
<log4net:event logger="ChapThuanDauTu.SRV.Data.QuanLyDauTuDAC" timestamp="2020-04-06T11:27:59.4006109+07:00" level="ERROR" thread="231" domain="/LM/W3SVC/3/ROOT/ChapThuanDauTu-6-132306190353240782" username="IIS APPPOOL\SoXayDung_Service"><log4net:message>Class: ChapThuanDauTuDAC, function: QLDT_GetAllByMaDuAn: Failed to convert parameter value from a String to a Int64.</log4net:message><log4net:properties><log4net:data name="log4net:UserName" value="IIS APPPOOL\SoXayDung_Service" /><log4net:data name="log4net:Identity" value="" /><log4net:data name="log4net:HostName" value="Asus-Kakashi" /></log4net:properties></log4net:event>
<log4net:event logger="ChapThuanDauTu.SRV.Data.QuanLyDauTuDAC" timestamp="2020-04-06T19:50:46.8342913+07:00" level="ERROR" thread="26" domain="/LM/W3SVC/3/ROOT/ChapThuanDauTu-4-132306510464938278" username="IIS APPPOOL\SoXayDung_Service"><log4net:message>Class: ChapThuanDauTuDAC, function: QLDT_SearchDanhSachDuAn_LstByCondition: Ambiguous column name 'MaDuAn'.</log4net:message><log4net:properties><log4net:data name="log4net:UserName" value="IIS APPPOOL\SoXayDung_Service" /><log4net:data name="log4net:Identity" value="" /><log4net:data name="log4net:HostName" value="Asus-Kakashi" /></log4net:properties></log4net:event>
<log4net:event logger="ChapThuanDauTu.SRV.Data.QuanLyDauTuDAC" timestamp="2020-04-06T19:50:49.5982136+07:00" level="ERROR" thread="26" domain="/LM/W3SVC/3/ROOT/ChapThuanDauTu-4-132306510464938278" username="IIS APPPOOL\SoXayDung_Service"><log4net:message>Class: ChapThuanDauTuDAC, function: QLDT_SearchDanhSachDuAn_LstByCondition: Ambiguous column name 'MaDuAn'.</log4net:message><log4net:properties><log4net:data name="log4net:UserName" value="IIS APPPOOL\SoXayDung_Service" /><log4net:data name="log4net:Identity" value="" /><log4net:data name="log4net:HostName" value="Asus-Kakashi" /></log4net:properties></log4net:event>
<log4net:event logger="ChapThuanDauTu.SRV.Data.QuanLyDauTuDAC" timestamp="2020-04-06T19:51:07.218114+07:00" level="ERROR" thread="27" domain="/LM/W3SVC/3/ROOT/ChapThuanDauTu-4-132306510464938278" username="IIS APPPOOL\SoXayDung_Service"><log4net:message>Class: ChapThuanDauTuDAC, function: QLDT_SearchDanhSachDuAn_LstByCondition: Ambiguous column name 'MaDuAn'.</log4net:message><log4net:properties><log4net:data name="log4net:UserName" value="IIS APPPOOL\SoXayDung_Service" /><log4net:data name="log4net:Identity" value="" /><log4net:data name="log4net:HostName" value="Asus-Kakashi" /></log4net:properties></log4net:event>
<log4net:event logger="ChapThuanDauTu.SRV.Data.QuanLyDauTuDAC" timestamp="2020-04-06T19:52:16.2252986+07:00" level="ERROR" thread="41" domain="/LM/W3SVC/3/ROOT/ChapThuanDauTu-4-132306510464938278" username="IIS APPPOOL\SoXayDung_Service"><log4net:message>Class: ChapThuanDauTuDAC, function: QLDT_SearchDanhSachDuAn_LstByCondition: Ambiguous column name 'MaDuAn'.</log4net:message><log4net:properties><log4net:data name="log4net:UserName" value="IIS APPPOOL\SoXayDung_Service" /><log4net:data name="log4net:Identity" value="" /><log4net:data name="log4net:HostName" value="Asus-Kakashi" /></log4net:properties></log4net:event>
<log4net:event logger="ChapThuanDauTu.SRV.Data.QuanLyDauTuDAC" timestamp="2020-04-06T19:52:18.4327845+07:00" level="ERROR" thread="41" domain="/LM/W3SVC/3/ROOT/ChapThuanDauTu-4-132306510464938278" username="IIS APPPOOL\SoXayDung_Service"><log4net:message>Class: ChapThuanDauTuDAC, function: QLDT_SearchDanhSachDuAn_LstByCondition: Ambiguous column name 'MaDuAn'.</log4net:message><log4net:properties><log4net:data name="log4net:UserName" value="IIS APPPOOL\SoXayDung_Service" /><log4net:data name="log4net:Identity" value="" /><log4net:data name="log4net:HostName" value="Asus-Kakashi" /></log4net:properties></log4net:event>
<log4net:event logger="ChapThuanDauTu.SRV.Data.QuanLyDauTuDAC" timestamp="2020-04-06T19:52:21.2094423+07:00" level="ERROR" thread="41" domain="/LM/W3SVC/3/ROOT/ChapThuanDauTu-4-132306510464938278" username="IIS APPPOOL\SoXayDung_Service"><log4net:message>Class: ChapThuanDauTuDAC, function: QLDT_SearchDanhSachDuAn_LstByCondition: Ambiguous column name 'MaDuAn'.</log4net:message><log4net:properties><log4net:data name="log4net:UserName" value="IIS APPPOOL\SoXayDung_Service" /><log4net:data name="log4net:Identity" value="" /><log4net:data name="log4net:HostName" value="Asus-Kakashi" /></log4net:properties></log4net:event>
<log4net:event logger="ChapThuanDauTu.SRV.Data.QuanLyDauTuDAC" timestamp="2020-04-06T19:53:59.9881523+07:00" level="ERROR" thread="30" domain="/LM/W3SVC/3/ROOT/ChapThuanDauTu-4-132306510464938278" username="IIS APPPOOL\SoXayDung_Service"><log4net:message>Class: ChapThuanDauTuDAC, function: QLDT_SearchDanhSachDuAn_LstByCondition: Ambiguous column name 'MaDuAn'.</log4net:message><log4net:properties><log4net:data name="log4net:UserName" value="IIS APPPOOL\SoXayDung_Service" /><log4net:data name="log4net:Identity" value="" /><log4net:data name="log4net:HostName" value="Asus-Kakashi" /></log4net:properties></log4net:event>
<log4net:event logger="ChapThuanDauTu.SRV.Data.QuanLyDauTuDAC" timestamp="2020-04-06T19:54:01.409478+07:00" level="ERROR" thread="30" domain="/LM/W3SVC/3/ROOT/ChapThuanDauTu-4-132306510464938278" username="IIS APPPOOL\SoXayDung_Service"><log4net:message>Class: ChapThuanDauTuDAC, function: QLDT_SearchDanhSachDuAn_LstByCondition: Ambiguous column name 'MaDuAn'.</log4net:message><log4net:properties><log4net:data name="log4net:UserName" value="IIS APPPOOL\SoXayDung_Service" /><log4net:data name="log4net:Identity" value="" /><log4net:data name="log4net:HostName" value="Asus-Kakashi" /></log4net:properties></log4net:event>
<log4net:event logger="ChapThuanDauTu.SRV.Data.QuanLyDauTuDAC" timestamp="2020-04-06T19:54:46.2202457+07:00" level="ERROR" thread="49" domain="/LM/W3SVC/3/ROOT/ChapThuanDauTu-4-132306510464938278" username="IIS APPPOOL\SoXayDung_Service"><log4net:message>Class: ChapThuanDauTuDAC, function: QLDT_SearchDanhSachDuAn_LstByCondition: Ambiguous column name 'MaDuAn'.</log4net:message><log4net:properties><log4net:data name="log4net:UserName" value="IIS APPPOOL\SoXayDung_Service" /><log4net:data name="log4net:Identity" value="" /><log4net:data name="log4net:HostName" value="Asus-Kakashi" /></log4net:properties></log4net:event>
<log4net:event logger="ChapThuanDauTu.SRV.Data.QuanLyDauTuDAC" timestamp="2020-04-06T19:54:51.6118091+07:00" level="ERROR" thread="49" domain="/LM/W3SVC/3/ROOT/ChapThuanDauTu-4-132306510464938278" username="IIS APPPOOL\SoXayDung_Service"><log4net:message>Class: ChapThuanDauTuDAC, function: QLDT_SearchDanhSachDuAn_LstByCondition: Ambiguous column name 'MaDuAn'.</log4net:message><log4net:properties><log4net:data name="log4net:UserName" value="IIS APPPOOL\SoXayDung_Service" /><log4net:data name="log4net:Identity" value="" /><log4net:data name="log4net:HostName" value="Asus-Kakashi" /></log4net:properties></log4net:event>
